﻿<?xml version="1.0" encoding="UTF-8"?>
<Message xmlns:msg="http://www.1c.ru/SSL/Exchange/Message" xmlns:xs="http://www.w3.org/2001/XMLSchema" xmlns:xsi="http://www.w3.org/2001/XMLSchema-instance">
	<msg:Header>
		<msg:Format>http://v8.1c.ru/edi/edi_stnd/EnterpriseData/1.6</msg:Format>
		<msg:CreationDate>2020-02-20T19:52:39</msg:CreationDate>
		<msg:Confirmation>
			<msg:ExchangePlan>СинхронизацияДанныхЧерезУниверсальныйФормат</msg:ExchangePlan>
			<msg:To>789de04a-6587-4688-91ec-407da6e6ba18</msg:To>
			<msg:From>НФ</msg:From>
			<msg:MessageNo>2</msg:MessageNo>
			<msg:ReceivedNo>1</msg:ReceivedNo>
		</msg:Confirmation>
		<msg:AvailableVersion>1.6</msg:AvailableVersion>
		<msg:AvailableVersion>1.5</msg:AvailableVersion>
		<msg:AvailableVersion>1.4</msg:AvailableVersion>
		<msg:AvailableVersion>1.3</msg:AvailableVersion>
		<msg:NewFrom>9c422c81-fca2-467a-9be1-930bcd00c001</msg:NewFrom>
		<msg:AvailableObjectTypes>
			<msg:ObjectType>
				<msg:Name>Документ.АвансовыйОтчет</msg:Name>
				<msg:Sending>*</msg:Sending>
				<msg:Receiving/>
			</msg:ObjectType>
			<msg:ObjectType>
				<msg:Name>Документ.ВозвратМатериаловИзЭксплуатации</msg:Name>
				<msg:Sending>*</msg:Sending>
				<msg:Receiving/>
			</msg:ObjectType>
			<msg:ObjectType>
				<msg:Name>Документ.ВозвратСырьяДавальцу</msg:Name>
				<msg:Sending>*</msg:Sending>
				<msg:Receiving/>
			</msg:ObjectType>
			<msg:ObjectType>
				<msg:Name>Документ.ВозвратСырьяОтПереработчика</msg:Name>
				<msg:Sending>*</msg:Sending>
				<msg:Receiving/>
			</msg:ObjectType>
			<msg:ObjectType>
				<msg:Name>Документ.ВозвратТоваровОтПокупателя</msg:Name>
				<msg:Sending>*</msg:Sending>
				<msg:Receiving/>
			</msg:ObjectType>
			<msg:ObjectType>
				<msg:Name>Документ.ВозвратТоваровПоставщику</msg:Name>
				<msg:Sending>*</msg:Sending>
				<msg:Receiving/>
			</msg:ObjectType>
			<msg:ObjectType>
				<msg:Name>Документ.ВыпускПродукции</msg:Name>
				<msg:Sending>*</msg:Sending>
				<msg:Receiving/>
			</msg:ObjectType>
			<msg:ObjectType>
				<msg:Name>Документ.ЗаказКлиента</msg:Name>
				<msg:Sending>*</msg:Sending>
				<msg:Receiving>1.6</msg:Receiving>
			</msg:ObjectType>
			<msg:ObjectType>
				<msg:Name>Документ.ЗаказПоставщику</msg:Name>
				<msg:Sending>*</msg:Sending>
				<msg:Receiving/>
			</msg:ObjectType>
			<msg:ObjectType>
				<msg:Name>Документ.ИнвентаризацияТоваров</msg:Name>
				<msg:Sending>*</msg:Sending>
				<msg:Receiving/>
			</msg:ObjectType>
			<msg:ObjectType>
				<msg:Name>Документ.КорректировкаДолга</msg:Name>
				<msg:Sending>*</msg:Sending>
				<msg:Receiving/>
			</msg:ObjectType>
			<msg:ObjectType>
				<msg:Name>Документ.КорректировкаПоступленияТоваров</msg:Name>
				<msg:Sending>*</msg:Sending>
				<msg:Receiving/>
			</msg:ObjectType>
			<msg:ObjectType>
				<msg:Name>Документ.КорректировкаРеализацииТоваров</msg:Name>
				<msg:Sending>*</msg:Sending>
				<msg:Receiving/>
			</msg:ObjectType>
			<msg:ObjectType>
				<msg:Name>Документ.НачислениеКредитовДепозитов</msg:Name>
				<msg:Sending>*</msg:Sending>
				<msg:Receiving/>
			</msg:ObjectType>
			<msg:ObjectType>
				<msg:Name>Документ.ОперацияПоПлатежнойКарте</msg:Name>
				<msg:Sending>*</msg:Sending>
				<msg:Receiving/>
			</msg:ObjectType>
			<msg:ObjectType>
				<msg:Name>Документ.ОприходованиеТоваров</msg:Name>
				<msg:Sending>*</msg:Sending>
				<msg:Receiving/>
			</msg:ObjectType>
			<msg:ObjectType>
				<msg:Name>Документ.ОтчетДавальцу</msg:Name>
				<msg:Sending>*</msg:Sending>
				<msg:Receiving/>
			</msg:ObjectType>
			<msg:ObjectType>
				<msg:Name>Документ.ОтчетКомиссионера</msg:Name>
				<msg:Sending>*</msg:Sending>
				<msg:Receiving/>
			</msg:ObjectType>
			<msg:ObjectType>
				<msg:Name>Документ.ОтчетКомитенту</msg:Name>
				<msg:Sending>*</msg:Sending>
				<msg:Receiving/>
			</msg:ObjectType>
			<msg:ObjectType>
				<msg:Name>Документ.ОтчетОРозничныхПродажах</msg:Name>
				<msg:Sending>*</msg:Sending>
				<msg:Receiving/>
			</msg:ObjectType>
			<msg:ObjectType>
				<msg:Name>Документ.ОтчетПереработчика</msg:Name>
				<msg:Sending>*</msg:Sending>
				<msg:Receiving/>
			</msg:ObjectType>
			<msg:ObjectType>
				<msg:Name>Документ.ПБДСВзносНаличными</msg:Name>
				<msg:Sending>1.6</msg:Sending>
				<msg:Receiving/>
			</msg:ObjectType>
			<msg:ObjectType>
				<msg:Name>Документ.ПБДСКонвертацияВалюты</msg:Name>
				<msg:Sending>*</msg:Sending>
				<msg:Receiving>*</msg:Receiving>
			</msg:ObjectType>
			<msg:ObjectType>
				<msg:Name>Документ.ПБДСПереводНаДругойСчет</msg:Name>
				<msg:Sending>1.6</msg:Sending>
				<msg:Receiving>1.6</msg:Receiving>
			</msg:ObjectType>
			<msg:ObjectType>
				<msg:Name>Документ.ПБДСПоПлатежнымКартам</msg:Name>
				<msg:Sending>*</msg:Sending>
				<msg:Receiving>*</msg:Receiving>
			</msg:ObjectType>
			<msg:ObjectType>
				<msg:Name>Документ.ПБДСПрочееПоступление</msg:Name>
				<msg:Sending>*</msg:Sending>
				<msg:Receiving>*</msg:Receiving>
			</msg:ObjectType>
			<msg:ObjectType>
				<msg:Name>Документ.ПБДСПрочиеДоходы</msg:Name>
				<msg:Sending>*</msg:Sending>
				<msg:Receiving>*</msg:Receiving>
			</msg:ObjectType>
			<msg:ObjectType>
				<msg:Name>Документ.ПБДСРасчетыСКонтрагентами</msg:Name>
				<msg:Sending>*</msg:Sending>
				<msg:Receiving>*</msg:Receiving>
			</msg:ObjectType>
			<msg:ObjectType>
				<msg:Name>Документ.ПБДСРасчетыССотрудниками</msg:Name>
				<msg:Sending>*</msg:Sending>
				<msg:Receiving>*</msg:Receiving>
			</msg:ObjectType>
			<msg:ObjectType>
				<msg:Name>Документ.ПередачаДавальцу</msg:Name>
				<msg:Sending>*</msg:Sending>
				<msg:Receiving/>
			</msg:ObjectType>
			<msg:ObjectType>
				<msg:Name>Документ.ПередачаМатериаловВПроизводство</msg:Name>
				<msg:Sending>*</msg:Sending>
				<msg:Receiving/>
			</msg:ObjectType>
			<msg:ObjectType>
				<msg:Name>Документ.ПередачаМатериаловВЭксплуатацию</msg:Name>
				<msg:Sending>*</msg:Sending>
				<msg:Receiving/>
			</msg:ObjectType>
			<msg:ObjectType>
				<msg:Name>Документ.ПередачаПереработчику</msg:Name>
				<msg:Sending>*</msg:Sending>
				<msg:Receiving/>
			</msg:ObjectType>
			<msg:ObjectType>
				<msg:Name>Документ.ПеремещениеТоваров</msg:Name>
				<msg:Sending>*</msg:Sending>
				<msg:Receiving/>
			</msg:ObjectType>
			<msg:ObjectType>
				<msg:Name>Документ.ПереоценкаТоваровВРознице</msg:Name>
				<msg:Sending>*</msg:Sending>
				<msg:Receiving/>
			</msg:ObjectType>
			<msg:ObjectType>
				<msg:Name>Документ.ПКОКонвертацияВалюты</msg:Name>
				<msg:Sending/>
				<msg:Receiving>*</msg:Receiving>
			</msg:ObjectType>
			<msg:ObjectType>
				<msg:Name>Документ.ПКОПолучениеНаличныхВБанке</msg:Name>
				<msg:Sending>*</msg:Sending>
				<msg:Receiving>*</msg:Receiving>
			</msg:ObjectType>
			<msg:ObjectType>
				<msg:Name>Документ.ПКОПрочееПоступление</msg:Name>
				<msg:Sending>*</msg:Sending>
				<msg:Receiving>*</msg:Receiving>
			</msg:ObjectType>
			<msg:ObjectType>
				<msg:Name>Документ.ПКОПрочиеДоходы</msg:Name>
				<msg:Sending>*</msg:Sending>
				<msg:Receiving>*</msg:Receiving>
			</msg:ObjectType>
			<msg:ObjectType>
				<msg:Name>Документ.ПКОРасчетыСКонтрагентами</msg:Name>
				<msg:Sending>*</msg:Sending>
				<msg:Receiving>*</msg:Receiving>
			</msg:ObjectType>
			<msg:ObjectType>
				<msg:Name>Документ.ПКОРасчетыССотрудниками</msg:Name>
				<msg:Sending>*</msg:Sending>
				<msg:Receiving>*</msg:Receiving>
			</msg:ObjectType>
			<msg:ObjectType>
				<msg:Name>Документ.ПКОРозничнаяВыручка</msg:Name>
				<msg:Sending>*</msg:Sending>
				<msg:Receiving>*</msg:Receiving>
			</msg:ObjectType>
			<msg:ObjectType>
				<msg:Name>Документ.ПлатежноеПоручение</msg:Name>
				<msg:Sending>*</msg:Sending>
				<msg:Receiving>*</msg:Receiving>
			</msg:ObjectType>
			<msg:ObjectType>
				<msg:Name>Документ.ПоступлениеСырьяОтДавальца</msg:Name>
				<msg:Sending>*</msg:Sending>
				<msg:Receiving/>
			</msg:ObjectType>
			<msg:ObjectType>
				<msg:Name>Документ.ПоступлениеТоваровУслуг</msg:Name>
				<msg:Sending>*</msg:Sending>
				<msg:Receiving/>
			</msg:ObjectType>
			<msg:ObjectType>
				<msg:Name>Документ.РеализацияТоваровУслуг</msg:Name>
				<msg:Sending>*</msg:Sending>
				<msg:Receiving/>
			</msg:ObjectType>
			<msg:ObjectType>
				<msg:Name>Документ.РКОВыплатаЗарплаты</msg:Name>
				<msg:Sending>*</msg:Sending>
				<msg:Receiving>*</msg:Receiving>
			</msg:ObjectType>
			<msg:ObjectType>
				<msg:Name>Документ.РКОКонвертацияВалюты</msg:Name>
				<msg:Sending/>
				<msg:Receiving>*</msg:Receiving>
			</msg:ObjectType>
			<msg:ObjectType>
				<msg:Name>Документ.РКОНаБанковскийСчет</msg:Name>
				<msg:Sending>*</msg:Sending>
				<msg:Receiving>*</msg:Receiving>
			</msg:ObjectType>
			<msg:ObjectType>
				<msg:Name>Документ.РКОПрочаяВыдача</msg:Name>
				<msg:Sending>*</msg:Sending>
				<msg:Receiving>*</msg:Receiving>
			</msg:ObjectType>
			<msg:ObjectType>
				<msg:Name>Документ.РКОПрочийРасход</msg:Name>
				<msg:Sending>*</msg:Sending>
				<msg:Receiving>*</msg:Receiving>
			</msg:ObjectType>
			<msg:ObjectType>
				<msg:Name>Документ.РКОРасчетыСКонтрагентами</msg:Name>
				<msg:Sending>*</msg:Sending>
				<msg:Receiving>*</msg:Receiving>
			</msg:ObjectType>
			<msg:ObjectType>
				<msg:Name>Документ.РКОРасчетыССотрудниками</msg:Name>
				<msg:Sending>*</msg:Sending>
				<msg:Receiving>*</msg:Receiving>
			</msg:ObjectType>
			<msg:ObjectType>
				<msg:Name>Документ.СБДСПереводНаДругойСчет</msg:Name>
				<msg:Sending>*</msg:Sending>
				<msg:Receiving>*</msg:Receiving>
			</msg:ObjectType>
			<msg:ObjectType>
				<msg:Name>Документ.СБДСПеречислениеЗаработнойПлаты</msg:Name>
				<msg:Sending>*</msg:Sending>
				<msg:Receiving>*</msg:Receiving>
			</msg:ObjectType>
			<msg:ObjectType>
				<msg:Name>Документ.СБДСПеречислениеЗаработнойПлатыНаЛицевыеСчета</msg:Name>
				<msg:Sending>1.6</msg:Sending>
				<msg:Receiving>1.6</msg:Receiving>
			</msg:ObjectType>
			<msg:ObjectType>
				<msg:Name>Документ.СБДСПлатежиВБюджет</msg:Name>
				<msg:Sending>*</msg:Sending>
				<msg:Receiving>*</msg:Receiving>
			</msg:ObjectType>
			<msg:ObjectType>
				<msg:Name>Документ.СБДСПрочееСписание</msg:Name>
				<msg:Sending>*</msg:Sending>
				<msg:Receiving>*</msg:Receiving>
			</msg:ObjectType>
			<msg:ObjectType>
				<msg:Name>Документ.СБДСПрочиеРасходы</msg:Name>
				<msg:Sending>*</msg:Sending>
				<msg:Receiving>*</msg:Receiving>
			</msg:ObjectType>
			<msg:ObjectType>
				<msg:Name>Документ.СБДСРасчетыСКонтрагентами</msg:Name>
				<msg:Sending>*</msg:Sending>
				<msg:Receiving>*</msg:Receiving>
			</msg:ObjectType>
			<msg:ObjectType>
				<msg:Name>Документ.СБДСРасчетыССотрудниками</msg:Name>
				<msg:Sending>*</msg:Sending>
				<msg:Receiving>*</msg:Receiving>
			</msg:ObjectType>
			<msg:ObjectType>
				<msg:Name>Документ.СБДССнятиеНаличных</msg:Name>
				<msg:Sending>1.6</msg:Sending>
				<msg:Receiving/>
			</msg:ObjectType>
			<msg:ObjectType>
				<msg:Name>Документ.СборкаТоваров</msg:Name>
				<msg:Sending>*</msg:Sending>
				<msg:Receiving/>
			</msg:ObjectType>
			<msg:ObjectType>
				<msg:Name>Документ.СписаниеЗапасов</msg:Name>
				<msg:Sending>*</msg:Sending>
				<msg:Receiving/>
			</msg:ObjectType>
			<msg:ObjectType>
				<msg:Name>Документ.СписаниеМатериаловИзЭксплуатации</msg:Name>
				<msg:Sending>*</msg:Sending>
				<msg:Receiving/>
			</msg:ObjectType>
			<msg:ObjectType>
				<msg:Name>Документ.СписаниеНедостач</msg:Name>
				<msg:Sending>*</msg:Sending>
				<msg:Receiving/>
			</msg:ObjectType>
			<msg:ObjectType>
				<msg:Name>Документ.СчетФактураВыданный</msg:Name>
				<msg:Sending>*</msg:Sending>
				<msg:Receiving/>
			</msg:ObjectType>
			<msg:ObjectType>
				<msg:Name>Документ.СчетФактураПолученный</msg:Name>
				<msg:Sending>*</msg:Sending>
				<msg:Receiving/>
			</msg:ObjectType>
			<msg:ObjectType>
				<msg:Name>Документ.ТаможеннаяДекларация</msg:Name>
				<msg:Sending>*</msg:Sending>
				<msg:Receiving/>
			</msg:ObjectType>
			<msg:ObjectType>
				<msg:Name>Справочник.Банки</msg:Name>
				<msg:Sending>*</msg:Sending>
				<msg:Receiving>*</msg:Receiving>
			</msg:ObjectType>
			<msg:ObjectType>
				<msg:Name>Справочник.БанковскиеСчета</msg:Name>
				<msg:Sending>*</msg:Sending>
				<msg:Receiving>*</msg:Receiving>
			</msg:ObjectType>
			<msg:ObjectType>
				<msg:Name>Справочник.Валюты</msg:Name>
				<msg:Sending>*</msg:Sending>
				<msg:Receiving>*</msg:Receiving>
			</msg:ObjectType>
			<msg:ObjectType>
				<msg:Name>Справочник.ВидыДокументовФизическихЛиц</msg:Name>
				<msg:Sending>*</msg:Sending>
				<msg:Receiving>*</msg:Receiving>
			</msg:ObjectType>
			<msg:ObjectType>
				<msg:Name>Справочник.ВидыНоменклатуры</msg:Name>
				<msg:Sending>1.6</msg:Sending>
				<msg:Receiving>1.6</msg:Receiving>
			</msg:ObjectType>
			<msg:ObjectType>
				<msg:Name>Справочник.ГруппыАналитическогоУчетаНоменклатуры</msg:Name>
				<msg:Sending>*</msg:Sending>
				<msg:Receiving>*</msg:Receiving>
			</msg:ObjectType>
			<msg:ObjectType>
				<msg:Name>Справочник.ГруппыАналитическогоУчетаНоменклатурыГруппа</msg:Name>
				<msg:Sending>*</msg:Sending>
				<msg:Receiving/>
			</msg:ObjectType>
			<msg:ObjectType>
				<msg:Name>Справочник.Договоры</msg:Name>
				<msg:Sending>*</msg:Sending>
				<msg:Receiving>*</msg:Receiving>
			</msg:ObjectType>
			<msg:ObjectType>
				<msg:Name>Справочник.ДокументыФизическихЛиц</msg:Name>
				<msg:Sending>*</msg:Sending>
				<msg:Receiving>*</msg:Receiving>
			</msg:ObjectType>
			<msg:ObjectType>
				<msg:Name>Справочник.ЕдиницыИзмерения</msg:Name>
				<msg:Sending>*</msg:Sending>
				<msg:Receiving>*</msg:Receiving>
			</msg:ObjectType>
			<msg:ObjectType>
				<msg:Name>Справочник.Контрагенты</msg:Name>
				<msg:Sending>*</msg:Sending>
				<msg:Receiving>*</msg:Receiving>
			</msg:ObjectType>
			<msg:ObjectType>
				<msg:Name>Справочник.КонтрагентыГруппа</msg:Name>
				<msg:Sending>*</msg:Sending>
				<msg:Receiving/>
			</msg:ObjectType>
			<msg:ObjectType>
				<msg:Name>Справочник.ЛицензииПоставщиковАлкогольнойПродукции</msg:Name>
				<msg:Sending>*</msg:Sending>
				<msg:Receiving>*</msg:Receiving>
			</msg:ObjectType>
			<msg:ObjectType>
				<msg:Name>Справочник.Номенклатура</msg:Name>
				<msg:Sending>*</msg:Sending>
				<msg:Receiving>*</msg:Receiving>
			</msg:ObjectType>
			<msg:ObjectType>
				<msg:Name>Справочник.НоменклатураГруппа</msg:Name>
				<msg:Sending>*</msg:Sending>
				<msg:Receiving>*</msg:Receiving>
			</msg:ObjectType>
			<msg:ObjectType>
				<msg:Name>Справочник.Организации</msg:Name>
				<msg:Sending>*</msg:Sending>
				<msg:Receiving>*</msg:Receiving>
			</msg:ObjectType>
			<msg:ObjectType>
				<msg:Name>Справочник.Подразделения</msg:Name>
				<msg:Sending>*</msg:Sending>
				<msg:Receiving>*</msg:Receiving>
			</msg:ObjectType>
			<msg:ObjectType>
				<msg:Name>Справочник.Склады</msg:Name>
				<msg:Sending>*</msg:Sending>
				<msg:Receiving>*</msg:Receiving>
			</msg:ObjectType>
			<msg:ObjectType>
				<msg:Name>Справочник.СпецификацииНоменклатуры</msg:Name>
				<msg:Sending>*</msg:Sending>
				<msg:Receiving>*</msg:Receiving>
			</msg:ObjectType>
			<msg:ObjectType>
				<msg:Name>Справочник.СтатьиДДС</msg:Name>
				<msg:Sending>*</msg:Sending>
				<msg:Receiving>*</msg:Receiving>
			</msg:ObjectType>
			<msg:ObjectType>
				<msg:Name>Справочник.СтатьиДДСГруппа</msg:Name>
				<msg:Sending>*</msg:Sending>
				<msg:Receiving>*</msg:Receiving>
			</msg:ObjectType>
			<msg:ObjectType>
				<msg:Name>Справочник.СтраныМира</msg:Name>
				<msg:Sending>*</msg:Sending>
				<msg:Receiving>*</msg:Receiving>
			</msg:ObjectType>
			<msg:ObjectType>
				<msg:Name>Справочник.ТипыЦен</msg:Name>
				<msg:Sending>*</msg:Sending>
				<msg:Receiving>*</msg:Receiving>
			</msg:ObjectType>
			<msg:ObjectType>
				<msg:Name>Справочник.ФизическиеЛица</msg:Name>
				<msg:Sending>*</msg:Sending>
				<msg:Receiving>*</msg:Receiving>
			</msg:ObjectType>
			<msg:ObjectType>
				<msg:Name>Справочник.ФизическиеЛицаГруппа</msg:Name>
				<msg:Sending>*</msg:Sending>
				<msg:Receiving/>
			</msg:ObjectType>
		</msg:AvailableObjectTypes>
		<msg:Prefix>НФ</msg:Prefix>
	</msg:Header>
	<Body xmlns="http://v8.1c.ru/edi/edi_stnd/EnterpriseData/1.6">
		<Справочник.Валюты>
			<КлючевыеСвойства>
				<Ссылка>ee1d18f2-09dd-11ea-80f4-b06ebfbbdc30</Ссылка>
				<Код>643</Код>
				<Наименование>руб.</Наименование>
			</КлючевыеСвойства>
			<НаименованиеПолное>Российский рубль</НаименованиеПолное>
		</Справочник.Валюты>
		<УдалениеОбъекта>
			<СсылкаНаОбъект>
				<СсылкаНаОбъект>
					<СкладыСсылка>d9a24e6d-09dd-11ea-80f4-b06ebfbbdc30</СкладыСсылка>
				</СсылкаНаОбъект>
			</СсылкаНаОбъект>
		</УдалениеОбъекта>
		<УдалениеОбъекта>
			<СсылкаНаОбъект>
				<СсылкаНаОбъект>
					<СкладыСсылка>d9a24e6d-09dd-11ea-80f4-b06ebfbbdc30</СкладыСсылка>
				</СсылкаНаОбъект>
			</СсылкаНаОбъект>
		</УдалениеОбъекта>
		<Справочник.ЕдиницыИзмерения>
			<КлючевыеСвойства>
				<Ссылка>ee1d195d-09dd-11ea-80f4-b06ebfbbdc30</Ссылка>
				<Код>796</Код>
				<Наименование>шт</Наименование>
			</КлючевыеСвойства>
			<НаименованиеПолное>Штука</НаименованиеПолное>
		</Справочник.ЕдиницыИзмерения>
		<Справочник.ГруппыАналитическогоУчетаНоменклатуры>
			<КлючевыеСвойства>
				<Ссылка>ee1d18de-09dd-11ea-80f4-b06ebfbbdc30</Ссылка>
				<КодВПрограмме>000000001</КодВПрограмме>
				<Наименование>Основное направление</Наименование>
			</КлючевыеСвойства>
		</Справочник.ГруппыАналитическогоУчетаНоменклатуры>
		<УдалениеОбъекта>
			<СсылкаНаОбъект>
				<СсылкаНаОбъект>
					<ГруппыАналитическогоУчетаНоменклатурыСсылка>ee1d195b-09dd-11ea-80f4-b06ebfbbdc30</ГруппыАналитическогоУчетаНоменклатурыСсылка>
				</СсылкаНаОбъект>
			</СсылкаНаОбъект>
		</УдалениеОбъекта>
		<УдалениеОбъекта>
			<СсылкаНаОбъект>
				<СсылкаНаОбъект>
					<ГруппыАналитическогоУчетаНоменклатурыГруппаСсылка>ee1d195b-09dd-11ea-80f4-b06ebfbbdc30</ГруппыАналитическогоУчетаНоменклатурыГруппаСсылка>
				</СсылкаНаОбъект>
			</СсылкаНаОбъект>
		</УдалениеОбъекта>
		<Справочник.ВидыНоменклатуры>
			<КлючевыеСвойства>
				<Ссылка>ee1d195b-09dd-11ea-80f4-b06ebfbbdc30</Ссылка>
				<Наименование>&lt;Без категории&gt;</Наименование>
				<ТипНоменклатуры>Товар</ТипНоменклатуры>
			</КлючевыеСвойства>
		</Справочник.ВидыНоменклатуры>
		<Справочник.Номенклатура>
			<КлючевыеСвойства>
				<Ссылка>c98d8e2f-53bf-11ea-ae6f-e14077fbad9e</Ссылка>
				<НаименованиеПолное>Бумага</НаименованиеПолное>
				<КодВПрограмме>НФ-00000001</КодВПрограмме>
				<Наименование>Бумага</Наименование>
			</КлючевыеСвойства>
			<ТипНоменклатуры>Товар</ТипНоменклатуры>
			<ЕдиницаИзмерения>
				<Ссылка>ee1d195d-09dd-11ea-80f4-b06ebfbbdc30</Ссылка>
				<Код>796</Код>
				<Наименование>шт</Наименование>
			</ЕдиницаИзмерения>
			<СтавкаНДС>НДС20</СтавкаНДС>
			<ДанныеАлкогольнойПродукции>
				<АлкогольнаяПродукция>false</АлкогольнаяПродукция>
				<ВидАлкогольнойПродукции xsi:nil="true"/>
				<ИмпортнаяАлкогольнаяПродукция>false</ИмпортнаяАлкогольнаяПродукция>
				<ОбъемДАЛ xsi:nil="true"/>
				<ПроизводительИмпортер xsi:nil="true"/>
			</ДанныеАлкогольнойПродукции>
			<ГруппаАналитическогоУчета>
				<Ссылка>ee1d18de-09dd-11ea-80f4-b06ebfbbdc30</Ссылка>
				<КодВПрограмме>000000001</КодВПрограмме>
				<Наименование>Основное направление</Наименование>
			</ГруппаАналитическогоУчета>
			<ВидНоменклатуры>
				<Ссылка>ee1d195b-09dd-11ea-80f4-b06ebfbbdc30</Ссылка>
				<Наименование>&lt;Без категории&gt;</Наименование>
				<ТипНоменклатуры>Товар</ТипНоменклатуры>
			</ВидНоменклатуры>
		</Справочник.Номенклатура>
		<УдалениеОбъекта>
			<СсылкаНаОбъект>
				<СсылкаНаОбъект>
					<НоменклатураГруппаСсылка>c98d8e2f-53bf-11ea-ae6f-e14077fbad9e</НоменклатураГруппаСсылка>
				</СсылкаНаОбъект>
			</СсылкаНаОбъект>
		</УдалениеОбъекта>
		<Документ.ЗаказКлиента>
			<КлючевыеСвойства>
				<Ссылка>82fcea2d-541a-11ea-ae6f-e14077fbad9e</Ссылка>
				<Дата>2020-02-20T22:52:24</Дата>
				<Номер>НФНФ-000001</Номер>
				<Организация>
					<Ссылка>d9a24e6a-09dd-11ea-80f4-b06ebfbbdc30</Ссылка>
					<Наименование>Наша фирма</Наименование>
					<НаименованиеСокращенное>Наша фирма</НаименованиеСокращенное>
					<НаименованиеПолное>Наша фирма</НаименованиеПолное>
					<ЮридическоеФизическоеЛицо>ЮридическоеЛицо</ЮридическоеФизическоеЛицо>
				</Организация>
			</КлючевыеСвойства>
			<Валюта>
				<Ссылка>ee1d18f2-09dd-11ea-80f4-b06ebfbbdc30</Ссылка>
				<Код>643</Код>
				<Наименование>руб.</Наименование>
			</Валюта>
			<Сумма>1</Сумма>
			<Контрагент>
				<Ссылка>c98d8e2e-53bf-11ea-ae6f-e14077fbad9e</Ссылка>
				<Наименование>Ромашка ОАО</Наименование>
				<НаименованиеПолное>ОАО "Ромашка"</НаименованиеПолное>
				<ЮридическоеФизическоеЛицо>ЮридическоеЛицо</ЮридическоеФизическоеЛицо>
				<СтранаРегистрации>
					<Ссылка>e023c8e3-09dd-11ea-80f4-b06ebfbbdc30</Ссылка>
					<Код>643</Код>
					<Наименование>РОССИЯ</Наименование>
				</СтранаРегистрации>
			</Контрагент>
			<ДанныеВзаиморасчетов>
				<Договор>
					<Ссылка>c98d8e2d-53bf-11ea-ae6f-e14077fbad9e</Ссылка>
					<ВидДоговора>СПокупателем</ВидДоговора>
					<Организация>
						<Ссылка>d9a24e6a-09dd-11ea-80f4-b06ebfbbdc30</Ссылка>
						<Наименование>Наша фирма</Наименование>
						<НаименованиеСокращенное>Наша фирма</НаименованиеСокращенное>
						<НаименованиеПолное>Наша фирма</НаименованиеПолное>
						<ЮридическоеФизическоеЛицо>ЮридическоеЛицо</ЮридическоеФизическоеЛицо>
					</Организация>
					<Контрагент>
						<Ссылка>c98d8e2e-53bf-11ea-ae6f-e14077fbad9e</Ссылка>
						<Наименование>Ромашка ОАО</Наименование>
						<НаименованиеПолное>ОАО "Ромашка"</НаименованиеПолное>
						<ЮридическоеФизическоеЛицо>ЮридическоеЛицо</ЮридическоеФизическоеЛицо>
						<СтранаРегистрации>
							<Ссылка>e023c8e3-09dd-11ea-80f4-b06ebfbbdc30</Ссылка>
							<Код>643</Код>
							<Наименование>РОССИЯ</Наименование>
						</СтранаРегистрации>
					</Контрагент>
					<ВалютаВзаиморасчетов>
						<Ссылка>ee1d18f2-09dd-11ea-80f4-b06ebfbbdc30</Ссылка>
						<Код>643</Код>
						<Наименование>руб.</Наименование>
					</ВалютаВзаиморасчетов>
					<РасчетыВУсловныхЕдиницах>false</РасчетыВУсловныхЕдиницах>
					<Наименование>Основной договор</Наименование>
				</Договор>
				<КурсВзаиморасчетов>1</КурсВзаиморасчетов>
				<КратностьВзаиморасчетов>1</КратностьВзаиморасчетов>
			</ДанныеВзаиморасчетов>
			<ТипЦен>
				<Ссылка>d9a24e6b-09dd-11ea-80f4-b06ebfbbdc30</Ссылка>
				<Наименование>Оптовая цена</Наименование>
				<ВалютаЦены>
					<Ссылка>ee1d18f2-09dd-11ea-80f4-b06ebfbbdc30</Ссылка>
					<Код>643</Код>
					<Наименование>руб.</Наименование>
				</ВалютаЦены>
			</ТипЦен>
			<СуммаВключаетНДС>true</СуммаВключаетНДС>
			<Товары>
				<Строка>
					<ДанныеНоменклатуры>
						<Номенклатура>
							<Ссылка>c98d8e2f-53bf-11ea-ae6f-e14077fbad9e</Ссылка>
							<НаименованиеПолное>Бумага</НаименованиеПолное>
							<КодВПрограмме>НФ-00000001</КодВПрограмме>
							<Наименование>Бумага</Наименование>
						</Номенклатура>
					</ДанныеНоменклатуры>
					<ЕдиницаИзмерения>
						<Ссылка>ee1d195d-09dd-11ea-80f4-b06ebfbbdc30</Ссылка>
						<Код>796</Код>
						<Наименование>шт</Наименование>
					</ЕдиницаИзмерения>
					<Количество>1</Количество>
					<Сумма>1</Сумма>
					<Цена>1</Цена>
					<СтавкаНДС>НДС20</СтавкаНДС>
					<СуммаНДС>0.17</СуммаНДС>
					<ТипЗапасов>СобственныеТовары</ТипЗапасов>
				</Строка>
			</Товары>
		</Документ.ЗаказКлиента>
		<Справочник.Договоры>
			<КлючевыеСвойства>
				<Ссылка>c98d8e2a-53bf-11ea-ae6f-e14077fbad9e</Ссылка>
				<ВидДоговора>СПоставщиком</ВидДоговора>
				<Организация>
					<Ссылка>d9a24e6a-09dd-11ea-80f4-b06ebfbbdc30</Ссылка>
					<Наименование>Наша фирма</Наименование>
					<НаименованиеСокращенное>Наша фирма</НаименованиеСокращенное>
					<НаименованиеПолное>Наша фирма</НаименованиеПолное>
					<ЮридическоеФизическоеЛицо>ЮридическоеЛицо</ЮридическоеФизическоеЛицо>
				</Организация>
				<Контрагент>
					<Ссылка>c98d8e2b-53bf-11ea-ae6f-e14077fbad9e</Ссылка>
					<Наименование>Нашли на полу ООО</Наименование>
					<НаименованиеПолное>ООО "Нашли на полу"</НаименованиеПолное>
					<ЮридическоеФизическоеЛицо>ЮридическоеЛицо</ЮридическоеФизическоеЛицо>
					<СтранаРегистрации>
						<Ссылка>e023c8e3-09dd-11ea-80f4-b06ebfbbdc30</Ссылка>
						<Код>643</Код>
						<Наименование>РОССИЯ</Наименование>
					</СтранаРегистрации>
				</Контрагент>
				<ВалютаВзаиморасчетов>
					<Ссылка>ee1d18f2-09dd-11ea-80f4-b06ebfbbdc30</Ссылка>
					<Код>643</Код>
					<Наименование>руб.</Наименование>
				</ВалютаВзаиморасчетов>
				<РасчетыВУсловныхЕдиницах>false</РасчетыВУсловныхЕдиницах>
				<Наименование>Основной договор</Наименование>
			</КлючевыеСвойства>
			<ТипЦен>
				<Ссылка>d9a24e6b-09dd-11ea-80f4-b06ebfbbdc30</Ссылка>
				<Наименование>Оптовая цена</Наименование>
				<ВалютаЦены>
					<Ссылка>ee1d18f2-09dd-11ea-80f4-b06ebfbbdc30</Ссылка>
					<Код>643</Код>
					<Наименование>руб.</Наименование>
				</ВалютаЦены>
			</ТипЦен>
		</Справочник.Договоры>
		<Справочник.Договоры>
			<КлючевыеСвойства>
				<Ссылка>c98d8e2d-53bf-11ea-ae6f-e14077fbad9e</Ссылка>
				<ВидДоговора>СПокупателем</ВидДоговора>
				<Организация>
					<Ссылка>d9a24e6a-09dd-11ea-80f4-b06ebfbbdc30</Ссылка>
					<Наименование>Наша фирма</Наименование>
					<НаименованиеСокращенное>Наша фирма</НаименованиеСокращенное>
					<НаименованиеПолное>Наша фирма</НаименованиеПолное>
					<ЮридическоеФизическоеЛицо>ЮридическоеЛицо</ЮридическоеФизическоеЛицо>
				</Организация>
				<Контрагент>
					<Ссылка>c98d8e2e-53bf-11ea-ae6f-e14077fbad9e</Ссылка>
					<Наименование>Ромашка ОАО</Наименование>
					<НаименованиеПолное>ОАО "Ромашка"</НаименованиеПолное>
					<ЮридическоеФизическоеЛицо>ЮридическоеЛицо</ЮридическоеФизическоеЛицо>
					<СтранаРегистрации>
						<Ссылка>e023c8e3-09dd-11ea-80f4-b06ebfbbdc30</Ссылка>
						<Код>643</Код>
						<Наименование>РОССИЯ</Наименование>
					</СтранаРегистрации>
				</Контрагент>
				<ВалютаВзаиморасчетов>
					<Ссылка>ee1d18f2-09dd-11ea-80f4-b06ebfbbdc30</Ссылка>
					<Код>643</Код>
					<Наименование>руб.</Наименование>
				</ВалютаВзаиморасчетов>
				<РасчетыВУсловныхЕдиницах>false</РасчетыВУсловныхЕдиницах>
				<Наименование>Основной договор</Наименование>
			</КлючевыеСвойства>
			<ТипЦен>
				<Ссылка>d9a24e6b-09dd-11ea-80f4-b06ebfbbdc30</Ссылка>
				<Наименование>Оптовая цена</Наименование>
				<ВалютаЦены>
					<Ссылка>ee1d18f2-09dd-11ea-80f4-b06ebfbbdc30</Ссылка>
					<Код>643</Код>
					<Наименование>руб.</Наименование>
				</ВалютаЦены>
			</ТипЦен>
		</Справочник.Договоры>
		<Документ.ПКОРасчетыСКонтрагентами>
			<КлючевыеСвойства>
				<Ссылка>c98d8e32-53bf-11ea-ae6f-e14077fbad9e</Ссылка>
				<Дата>2020-02-20T12:05:20</Дата>
				<Номер>НФНФ-000001</Номер>
				<Организация>
					<Ссылка>d9a24e6a-09dd-11ea-80f4-b06ebfbbdc30</Ссылка>
					<Наименование>Наша фирма</Наименование>
					<НаименованиеСокращенное>Наша фирма</НаименованиеСокращенное>
					<НаименованиеПолное>Наша фирма</НаименованиеПолное>
					<ЮридическоеФизическоеЛицо>ЮридическоеЛицо</ЮридическоеФизическоеЛицо>
				</Организация>
			</КлючевыеСвойства>
			<ОбщиеДанные>
				<Валюта>
					<Ссылка>ee1d18f2-09dd-11ea-80f4-b06ebfbbdc30</Ссылка>
					<Код>643</Код>
					<Наименование>руб.</Наименование>
				</Валюта>
				<Сумма>15000</Сумма>
				<Подразделение>
					<Ссылка>d9a24e6d-09dd-11ea-80f4-b06ebfbbdc30</Ссылка>
					<Наименование>Основное подразделение</Наименование>
				</Подразделение>
				<ПринятоОт>ОАО "Ромашка"</ПринятоОт>
			</ОбщиеДанные>
			<Контрагент>
				<Ссылка>c98d8e2e-53bf-11ea-ae6f-e14077fbad9e</Ссылка>
				<Наименование>Ромашка ОАО</Наименование>
				<НаименованиеПолное>ОАО "Ромашка"</НаименованиеПолное>
				<ЮридическоеФизическоеЛицо>ЮридическоеЛицо</ЮридическоеФизическоеЛицо>
				<СтранаРегистрации>
					<Ссылка>e023c8e3-09dd-11ea-80f4-b06ebfbbdc30</Ссылка>
					<Код>643</Код>
					<Наименование>РОССИЯ</Наименование>
				</СтранаРегистрации>
			</Контрагент>
			<ВидРасчетов>СПокупателем</ВидРасчетов>
			<РасшифровкаПлатежа>
				<Строка>
					<СтатьяДДС>
						<Ссылка>ee1d1973-09dd-11ea-80f4-b06ebfbbdc30</Ссылка>
						<КодВПрограмме>00-000003</КодВПрограмме>
						<Наименование>Оплата от покупателей</Наименование>
					</СтатьяДДС>
					<Сумма>15000</Сумма>
					<СуммаВзаиморасчетов>15000</СуммаВзаиморасчетов>
					<СуммаНДС>2500</СуммаНДС>
					<СтавкаНДС>НДС20</СтавкаНДС>
					<ДанныеВзаиморасчетов>
						<Договор>
							<Ссылка>c98d8e2d-53bf-11ea-ae6f-e14077fbad9e</Ссылка>
							<ВидДоговора>СПокупателем</ВидДоговора>
							<Организация>
								<Ссылка>d9a24e6a-09dd-11ea-80f4-b06ebfbbdc30</Ссылка>
								<Наименование>Наша фирма</Наименование>
								<НаименованиеСокращенное>Наша фирма</НаименованиеСокращенное>
								<НаименованиеПолное>Наша фирма</НаименованиеПолное>
								<ЮридическоеФизическоеЛицо>ЮридическоеЛицо</ЮридическоеФизическоеЛицо>
							</Организация>
							<Контрагент>
								<Ссылка>c98d8e2e-53bf-11ea-ae6f-e14077fbad9e</Ссылка>
								<Наименование>Ромашка ОАО</Наименование>
								<НаименованиеПолное>ОАО "Ромашка"</НаименованиеПолное>
								<ЮридическоеФизическоеЛицо>ЮридическоеЛицо</ЮридическоеФизическоеЛицо>
								<СтранаРегистрации>
									<Ссылка>e023c8e3-09dd-11ea-80f4-b06ebfbbdc30</Ссылка>
									<Код>643</Код>
									<Наименование>РОССИЯ</Наименование>
								</СтранаРегистрации>
							</Контрагент>
							<ВалютаВзаиморасчетов>
								<Ссылка>ee1d18f2-09dd-11ea-80f4-b06ebfbbdc30</Ссылка>
								<Код>643</Код>
								<Наименование>руб.</Наименование>
							</ВалютаВзаиморасчетов>
							<РасчетыВУсловныхЕдиницах>false</РасчетыВУсловныхЕдиницах>
							<Наименование>Основной договор</Наименование>
						</Договор>
						<ВалютаВзаиморасчетов>
							<Ссылка>ee1d18f2-09dd-11ea-80f4-b06ebfbbdc30</Ссылка>
							<Код>643</Код>
							<Наименование>руб.</Наименование>
						</ВалютаВзаиморасчетов>
						<КурсВзаиморасчетов>1</КурсВзаиморасчетов>
						<КратностьВзаиморасчетов>1</КратностьВзаиморасчетов>
						<РасчетыВУсловныхЕдиницах>false</РасчетыВУсловныхЕдиницах>
					</ДанныеВзаиморасчетов>
					<ВидРасчетовРасширенный>
						<ВидРасчетовСПокупателямиПоставщиками>Аванс</ВидРасчетовСПокупателямиПоставщиками>
					</ВидРасчетовРасширенный>
					<СпособПогашенияЗадолженности>НеПогашать</СпособПогашенияЗадолженности>
				</Строка>
			</РасшифровкаПлатежа>
		</Документ.ПКОРасчетыСКонтрагентами>
		<УдалениеОбъекта>
			<СсылкаНаОбъект>
				<СсылкаНаОбъект>
					<ПКОПрочиеДоходыСсылка>c98d8e32-53bf-11ea-ae6f-e14077fbad9e</ПКОПрочиеДоходыСсылка>
				</СсылкаНаОбъект>
			</СсылкаНаОбъект>
		</УдалениеОбъекта>
		<УдалениеОбъекта>
			<СсылкаНаОбъект>
				<СсылкаНаОбъект>
					<ПКОРасчетыССотрудникамиСсылка>c98d8e32-53bf-11ea-ae6f-e14077fbad9e</ПКОРасчетыССотрудникамиСсылка>
				</СсылкаНаОбъект>
			</СсылкаНаОбъект>
		</УдалениеОбъекта>
		<УдалениеОбъекта>
			<СсылкаНаОбъект>
				<СсылкаНаОбъект>
					<ПКОПрочееПоступлениеСсылка>c98d8e32-53bf-11ea-ae6f-e14077fbad9e</ПКОПрочееПоступлениеСсылка>
				</СсылкаНаОбъект>
			</СсылкаНаОбъект>
		</УдалениеОбъекта>
		<УдалениеОбъекта>
			<СсылкаНаОбъект>
				<СсылкаНаОбъект>
					<ПКОРозничнаяВыручкаСсылка>c98d8e32-53bf-11ea-ae6f-e14077fbad9e</ПКОРозничнаяВыручкаСсылка>
				</СсылкаНаОбъект>
			</СсылкаНаОбъект>
		</УдалениеОбъекта>
		<УдалениеОбъекта>
			<СсылкаНаОбъект>
				<СсылкаНаОбъект>
					<ПКОПолучениеНаличныхВБанкеСсылка>c98d8e32-53bf-11ea-ae6f-e14077fbad9e</ПКОПолучениеНаличныхВБанкеСсылка>
				</СсылкаНаОбъект>
			</СсылкаНаОбъект>
		</УдалениеОбъекта>
		<Документ.ПКОРасчетыСКонтрагентами>
			<КлючевыеСвойства>
				<Ссылка>c98d8e34-53bf-11ea-ae6f-e14077fbad9e</Ссылка>
				<Дата>2020-02-20T12:05:51</Дата>
				<Номер>НФНФ-000002</Номер>
				<Организация>
					<Ссылка>d9a24e6a-09dd-11ea-80f4-b06ebfbbdc30</Ссылка>
					<Наименование>Наша фирма</Наименование>
					<НаименованиеСокращенное>Наша фирма</НаименованиеСокращенное>
					<НаименованиеПолное>Наша фирма</НаименованиеПолное>
					<ЮридическоеФизическоеЛицо>ЮридическоеЛицо</ЮридическоеФизическоеЛицо>
				</Организация>
			</КлючевыеСвойства>
			<ОбщиеДанные>
				<Валюта>
					<Ссылка>ee1d18f2-09dd-11ea-80f4-b06ebfbbdc30</Ссылка>
					<Код>643</Код>
					<Наименование>руб.</Наименование>
				</Валюта>
				<Сумма>25000</Сумма>
				<Подразделение>
					<Ссылка>d9a24e6d-09dd-11ea-80f4-b06ebfbbdc30</Ссылка>
					<Наименование>Основное подразделение</Наименование>
				</Подразделение>
				<ПринятоОт>ОАО "Ромашка"</ПринятоОт>
			</ОбщиеДанные>
			<Контрагент>
				<Ссылка>c98d8e2e-53bf-11ea-ae6f-e14077fbad9e</Ссылка>
				<Наименование>Ромашка ОАО</Наименование>
				<НаименованиеПолное>ОАО "Ромашка"</НаименованиеПолное>
				<ЮридическоеФизическоеЛицо>ЮридическоеЛицо</ЮридическоеФизическоеЛицо>
				<СтранаРегистрации>
					<Ссылка>e023c8e3-09dd-11ea-80f4-b06ebfbbdc30</Ссылка>
					<Код>643</Код>
					<Наименование>РОССИЯ</Наименование>
				</СтранаРегистрации>
			</Контрагент>
			<ВидРасчетов>СПокупателем</ВидРасчетов>
			<РасшифровкаПлатежа>
				<Строка>
					<СтатьяДДС>
						<Ссылка>ee1d1973-09dd-11ea-80f4-b06ebfbbdc30</Ссылка>
						<КодВПрограмме>00-000003</КодВПрограмме>
						<Наименование>Оплата от покупателей</Наименование>
					</СтатьяДДС>
					<Сумма>25000</Сумма>
					<СуммаВзаиморасчетов>25000</СуммаВзаиморасчетов>
					<СуммаНДС>4166.67</СуммаНДС>
					<СтавкаНДС>НДС20</СтавкаНДС>
					<ДанныеВзаиморасчетов>
						<Договор>
							<Ссылка>c98d8e2d-53bf-11ea-ae6f-e14077fbad9e</Ссылка>
							<ВидДоговора>СПокупателем</ВидДоговора>
							<Организация>
								<Ссылка>d9a24e6a-09dd-11ea-80f4-b06ebfbbdc30</Ссылка>
								<Наименование>Наша фирма</Наименование>
								<НаименованиеСокращенное>Наша фирма</НаименованиеСокращенное>
								<НаименованиеПолное>Наша фирма</НаименованиеПолное>
								<ЮридическоеФизическоеЛицо>ЮридическоеЛицо</ЮридическоеФизическоеЛицо>
							</Организация>
							<Контрагент>
								<Ссылка>c98d8e2e-53bf-11ea-ae6f-e14077fbad9e</Ссылка>
								<Наименование>Ромашка ОАО</Наименование>
								<НаименованиеПолное>ОАО "Ромашка"</НаименованиеПолное>
								<ЮридическоеФизическоеЛицо>ЮридическоеЛицо</ЮридическоеФизическоеЛицо>
								<СтранаРегистрации>
									<Ссылка>e023c8e3-09dd-11ea-80f4-b06ebfbbdc30</Ссылка>
									<Код>643</Код>
									<Наименование>РОССИЯ</Наименование>
								</СтранаРегистрации>
							</Контрагент>
							<ВалютаВзаиморасчетов>
								<Ссылка>ee1d18f2-09dd-11ea-80f4-b06ebfbbdc30</Ссылка>
								<Код>643</Код>
								<Наименование>руб.</Наименование>
							</ВалютаВзаиморасчетов>
							<РасчетыВУсловныхЕдиницах>false</РасчетыВУсловныхЕдиницах>
							<Наименование>Основной договор</Наименование>
						</Договор>
						<ВалютаВзаиморасчетов>
							<Ссылка>ee1d18f2-09dd-11ea-80f4-b06ebfbbdc30</Ссылка>
							<Код>643</Код>
							<Наименование>руб.</Наименование>
						</ВалютаВзаиморасчетов>
						<КурсВзаиморасчетов>1</КурсВзаиморасчетов>
						<КратностьВзаиморасчетов>1</КратностьВзаиморасчетов>
						<РасчетыВУсловныхЕдиницах>false</РасчетыВУсловныхЕдиницах>
					</ДанныеВзаиморасчетов>
					<ВидРасчетовРасширенный>
						<ВидРасчетовСПокупателямиПоставщиками>Аванс</ВидРасчетовСПокупателямиПоставщиками>
					</ВидРасчетовРасширенный>
					<СпособПогашенияЗадолженности>НеПогашать</СпособПогашенияЗадолженности>
				</Строка>
			</РасшифровкаПлатежа>
		</Документ.ПКОРасчетыСКонтрагентами>
		<УдалениеОбъекта>
			<СсылкаНаОбъект>
				<СсылкаНаОбъект>
					<ПКОПрочиеДоходыСсылка>c98d8e34-53bf-11ea-ae6f-e14077fbad9e</ПКОПрочиеДоходыСсылка>
				</СсылкаНаОбъект>
			</СсылкаНаОбъект>
		</УдалениеОбъекта>
		<УдалениеОбъекта>
			<СсылкаНаОбъект>
				<СсылкаНаОбъект>
					<ПКОРасчетыССотрудникамиСсылка>c98d8e34-53bf-11ea-ae6f-e14077fbad9e</ПКОРасчетыССотрудникамиСсылка>
				</СсылкаНаОбъект>
			</СсылкаНаОбъект>
		</УдалениеОбъекта>
		<УдалениеОбъекта>
			<СсылкаНаОбъект>
				<СсылкаНаОбъект>
					<ПКОПрочееПоступлениеСсылка>c98d8e34-53bf-11ea-ae6f-e14077fbad9e</ПКОПрочееПоступлениеСсылка>
				</СсылкаНаОбъект>
			</СсылкаНаОбъект>
		</УдалениеОбъекта>
		<УдалениеОбъекта>
			<СсылкаНаОбъект>
				<СсылкаНаОбъект>
					<ПКОРозничнаяВыручкаСсылка>c98d8e34-53bf-11ea-ae6f-e14077fbad9e</ПКОРозничнаяВыручкаСсылка>
				</СсылкаНаОбъект>
			</СсылкаНаОбъект>
		</УдалениеОбъекта>
		<УдалениеОбъекта>
			<СсылкаНаОбъект>
				<СсылкаНаОбъект>
					<ПКОПолучениеНаличныхВБанкеСсылка>c98d8e34-53bf-11ea-ae6f-e14077fbad9e</ПКОПолучениеНаличныхВБанкеСсылка>
				</СсылкаНаОбъект>
			</СсылкаНаОбъект>
		</УдалениеОбъекта>
		<Документ.РКОРасчетыСКонтрагентами>
			<КлючевыеСвойства>
				<Ссылка>c98d8e33-53bf-11ea-ae6f-e14077fbad9e</Ссылка>
				<Дата>2020-02-20T12:05:37</Дата>
				<Номер>НФНФ-000001</Номер>
				<Организация>
					<Ссылка>d9a24e6a-09dd-11ea-80f4-b06ebfbbdc30</Ссылка>
					<Наименование>Наша фирма</Наименование>
					<НаименованиеСокращенное>Наша фирма</НаименованиеСокращенное>
					<НаименованиеПолное>Наша фирма</НаименованиеПолное>
					<ЮридическоеФизическоеЛицо>ЮридическоеЛицо</ЮридическоеФизическоеЛицо>
				</Организация>
			</КлючевыеСвойства>
			<ОбщиеДанные>
				<Валюта>
					<Ссылка>ee1d18f2-09dd-11ea-80f4-b06ebfbbdc30</Ссылка>
					<Код>643</Код>
					<Наименование>руб.</Наименование>
				</Валюта>
				<Сумма>15000</Сумма>
				<Подразделение>
					<Ссылка>d9a24e6d-09dd-11ea-80f4-b06ebfbbdc30</Ссылка>
					<Наименование>Основное подразделение</Наименование>
				</Подразделение>
				<Выдать>ООО "Нашли на полу"</Выдать>
			</ОбщиеДанные>
			<Контрагент>
				<Ссылка>c98d8e2b-53bf-11ea-ae6f-e14077fbad9e</Ссылка>
				<Наименование>Нашли на полу ООО</Наименование>
				<НаименованиеПолное>ООО "Нашли на полу"</НаименованиеПолное>
				<ЮридическоеФизическоеЛицо>ЮридическоеЛицо</ЮридическоеФизическоеЛицо>
				<СтранаРегистрации>
					<Ссылка>e023c8e3-09dd-11ea-80f4-b06ebfbbdc30</Ссылка>
					<Код>643</Код>
					<Наименование>РОССИЯ</Наименование>
				</СтранаРегистрации>
			</Контрагент>
			<ВидРасчетов>СПоставщиком</ВидРасчетов>
			<РасшифровкаПлатежа>
				<Строка>
					<СтатьяДДС>
						<Ссылка>ee1d1970-09dd-11ea-80f4-b06ebfbbdc30</Ссылка>
						<КодВПрограмме>00-000004</КодВПрограмме>
						<Наименование>Оплата поставщикам</Наименование>
					</СтатьяДДС>
					<Сумма>15000</Сумма>
					<СуммаВзаиморасчетов>15000</СуммаВзаиморасчетов>
					<СуммаНДС>2500</СуммаНДС>
					<СтавкаНДС>НДС20</СтавкаНДС>
					<ДанныеВзаиморасчетов>
						<Договор>
							<Ссылка>c98d8e2a-53bf-11ea-ae6f-e14077fbad9e</Ссылка>
							<ВидДоговора>СПоставщиком</ВидДоговора>
							<Организация>
								<Ссылка>d9a24e6a-09dd-11ea-80f4-b06ebfbbdc30</Ссылка>
								<Наименование>Наша фирма</Наименование>
								<НаименованиеСокращенное>Наша фирма</НаименованиеСокращенное>
								<НаименованиеПолное>Наша фирма</НаименованиеПолное>
								<ЮридическоеФизическоеЛицо>ЮридическоеЛицо</ЮридическоеФизическоеЛицо>
							</Организация>
							<Контрагент>
								<Ссылка>c98d8e2b-53bf-11ea-ae6f-e14077fbad9e</Ссылка>
								<Наименование>Нашли на полу ООО</Наименование>
								<НаименованиеПолное>ООО "Нашли на полу"</НаименованиеПолное>
								<ЮридическоеФизическоеЛицо>ЮридическоеЛицо</ЮридическоеФизическоеЛицо>
								<СтранаРегистрации>
									<Ссылка>e023c8e3-09dd-11ea-80f4-b06ebfbbdc30</Ссылка>
									<Код>643</Код>
									<Наименование>РОССИЯ</Наименование>
								</СтранаРегистрации>
							</Контрагент>
							<ВалютаВзаиморасчетов>
								<Ссылка>ee1d18f2-09dd-11ea-80f4-b06ebfbbdc30</Ссылка>
								<Код>643</Код>
								<Наименование>руб.</Наименование>
							</ВалютаВзаиморасчетов>
							<РасчетыВУсловныхЕдиницах>false</РасчетыВУсловныхЕдиницах>
							<Наименование>Основной договор</Наименование>
						</Договор>
						<ВалютаВзаиморасчетов>
							<Ссылка>ee1d18f2-09dd-11ea-80f4-b06ebfbbdc30</Ссылка>
							<Код>643</Код>
							<Наименование>руб.</Наименование>
						</ВалютаВзаиморасчетов>
						<КурсВзаиморасчетов>1</КурсВзаиморасчетов>
						<КратностьВзаиморасчетов>1</КратностьВзаиморасчетов>
						<РасчетыВУсловныхЕдиницах>false</РасчетыВУсловныхЕдиницах>
					</ДанныеВзаиморасчетов>
					<ВидРасчетовРасширенный>
						<ВидРасчетовСПокупателямиПоставщиками>Аванс</ВидРасчетовСПокупателямиПоставщиками>
					</ВидРасчетовРасширенный>
					<СпособПогашенияЗадолженности>НеПогашать</СпособПогашенияЗадолженности>
				</Строка>
			</РасшифровкаПлатежа>
		</Документ.РКОРасчетыСКонтрагентами>
		<УдалениеОбъекта>
			<СсылкаНаОбъект>
				<СсылкаНаОбъект>
					<РеализацияТоваровУслугСсылка>c98d8e31-53bf-11ea-ae6f-e14077fbad9e</РеализацияТоваровУслугСсылка>
				</СсылкаНаОбъект>
			</СсылкаНаОбъект>
		</УдалениеОбъекта>
		<УдалениеОбъекта>
			<СсылкаНаОбъект>
				<СсылкаНаОбъект>
					<ПередачаМатериаловВПроизводствоСсылка>c98d8e31-53bf-11ea-ae6f-e14077fbad9e</ПередачаМатериаловВПроизводствоСсылка>
				</СсылкаНаОбъект>
			</СсылкаНаОбъект>
		</УдалениеОбъекта>
		<УдалениеОбъекта>
			<СсылкаНаОбъект>
				<СсылкаНаОбъект>
					<ЗаказКлиентаСсылка>c98d8e31-53bf-11ea-ae6f-e14077fbad9e</ЗаказКлиентаСсылка>
				</СсылкаНаОбъект>
			</СсылкаНаОбъект>
		</УдалениеОбъекта>
		<Справочник.СтраныМира>
			<КлючевыеСвойства>
				<Ссылка>e023c8e3-09dd-11ea-80f4-b06ebfbbdc30</Ссылка>
				<Код>643</Код>
				<Наименование>РОССИЯ</Наименование>
			</КлючевыеСвойства>
			<НаименованиеПолное>Российская Федерация</НаименованиеПолное>
			<КодАльфа2>RU</КодАльфа2>
			<КодАльфа3>RUS</КодАльфа3>
		</Справочник.СтраныМира>
		<Справочник.ТипыЦен>
			<КлючевыеСвойства>
				<Ссылка>d9a24e6b-09dd-11ea-80f4-b06ebfbbdc30</Ссылка>
				<Наименование>Оптовая цена</Наименование>
				<ВалютаЦены>
					<Ссылка>ee1d18f2-09dd-11ea-80f4-b06ebfbbdc30</Ссылка>
					<Код>643</Код>
					<Наименование>руб.</Наименование>
				</ВалютаЦены>
			</КлючевыеСвойства>
			<ЦенаВключаетНДС>true</ЦенаВключаетНДС>
			<ОкруглятьВБольшуюСторону>false</ОкруглятьВБольшуюСторону>
		</Справочник.ТипыЦен>
		<Справочник.ТипыЦен>
			<КлючевыеСвойства>
				<Ссылка>d9a24e6c-09dd-11ea-80f4-b06ebfbbdc30</Ссылка>
				<Наименование>Учетная цена</Наименование>
				<ВалютаЦены>
					<Ссылка>ee1d18f2-09dd-11ea-80f4-b06ebfbbdc30</Ссылка>
					<Код>643</Код>
					<Наименование>руб.</Наименование>
				</ВалютаЦены>
			</КлючевыеСвойства>
			<ЦенаВключаетНДС>true</ЦенаВключаетНДС>
			<ОкруглятьВБольшуюСторону>false</ОкруглятьВБольшуюСторону>
		</Справочник.ТипыЦен>
		<УдалениеОбъекта>
			<СсылкаНаОбъект>
				<СсылкаНаОбъект>
					<СтатьиДДССсылка>ee1d196f-09dd-11ea-80f4-b06ebfbbdc30</СтатьиДДССсылка>
				</СсылкаНаОбъект>
			</СсылкаНаОбъект>
		</УдалениеОбъекта>
		<Справочник.СтатьиДДСГруппа>
			<КлючевыеСвойства>
				<Ссылка>ee1d196f-09dd-11ea-80f4-b06ebfbbdc30</Ссылка>
				<КодВПрограмме>00-000006</КодВПрограмме>
				<Наименование>Платежи</Наименование>
			</КлючевыеСвойства>
		</Справочник.СтатьиДДСГруппа>
		<Справочник.СтатьиДДС>
			<КлючевыеСвойства>
				<Ссылка>ee1d1970-09dd-11ea-80f4-b06ebfbbdc30</Ссылка>
				<КодВПрограмме>00-000004</КодВПрограмме>
				<Наименование>Оплата поставщикам</Наименование>
			</КлючевыеСвойства>
			<Группа>
				<Ссылка>ee1d196f-09dd-11ea-80f4-b06ebfbbdc30</Ссылка>
				<КодВПрограмме>00-000006</КодВПрограмме>
				<Наименование>Платежи</Наименование>
			</Группа>
		</Справочник.СтатьиДДС>
		<УдалениеОбъекта>
			<СсылкаНаОбъект>
				<СсылкаНаОбъект>
					<СтатьиДДСГруппаСсылка>ee1d1970-09dd-11ea-80f4-b06ebfbbdc30</СтатьиДДСГруппаСсылка>
				</СсылкаНаОбъект>
			</СсылкаНаОбъект>
		</УдалениеОбъекта>
		<УдалениеОбъекта>
			<СсылкаНаОбъект>
				<СсылкаНаОбъект>
					<СтатьиДДССсылка>ee1d1971-09dd-11ea-80f4-b06ebfbbdc30</СтатьиДДССсылка>
				</СсылкаНаОбъект>
			</СсылкаНаОбъект>
		</УдалениеОбъекта>
		<Справочник.СтатьиДДСГруппа>
			<КлючевыеСвойства>
				<Ссылка>ee1d1971-09dd-11ea-80f4-b06ebfbbdc30</Ссылка>
				<КодВПрограмме>00-000007</КодВПрограмме>
				<Наименование>Поступления</Наименование>
			</КлючевыеСвойства>
		</Справочник.СтатьиДДСГруппа>
		<Справочник.СтатьиДДС>
			<КлючевыеСвойства>
				<Ссылка>ee1d1973-09dd-11ea-80f4-b06ebfbbdc30</Ссылка>
				<КодВПрограмме>00-000003</КодВПрограмме>
				<Наименование>Оплата от покупателей</Наименование>
			</КлючевыеСвойства>
			<Группа>
				<Ссылка>ee1d1971-09dd-11ea-80f4-b06ebfbbdc30</Ссылка>
				<КодВПрограмме>00-000007</КодВПрограмме>
				<Наименование>Поступления</Наименование>
			</Группа>
		</Справочник.СтатьиДДС>
		<УдалениеОбъекта>
			<СсылкаНаОбъект>
				<СсылкаНаОбъект>
					<СтатьиДДСГруппаСсылка>ee1d1973-09dd-11ea-80f4-b06ebfbbdc30</СтатьиДДСГруппаСсылка>
				</СсылкаНаОбъект>
			</СсылкаНаОбъект>
		</УдалениеОбъекта>
		<Справочник.Контрагенты>
			<КлючевыеСвойства>
				<Ссылка>c98d8e2b-53bf-11ea-ae6f-e14077fbad9e</Ссылка>
				<Наименование>Нашли на полу ООО</Наименование>
				<НаименованиеПолное>ООО "Нашли на полу"</НаименованиеПолное>
				<ЮридическоеФизическоеЛицо>ЮридическоеЛицо</ЮридическоеФизическоеЛицо>
				<СтранаРегистрации>
					<Ссылка>e023c8e3-09dd-11ea-80f4-b06ebfbbdc30</Ссылка>
					<Код>643</Код>
					<Наименование>РОССИЯ</Наименование>
				</СтранаРегистрации>
			</КлючевыеСвойства>
			<ОбособленноеПодразделение>false</ОбособленноеПодразделение>
			<ОсновнойДоговор>
				<Ссылка>c98d8e2a-53bf-11ea-ae6f-e14077fbad9e</Ссылка>
				<ВидДоговора>СПоставщиком</ВидДоговора>
				<Организация>
					<Ссылка>d9a24e6a-09dd-11ea-80f4-b06ebfbbdc30</Ссылка>
					<Наименование>Наша фирма</Наименование>
					<НаименованиеСокращенное>Наша фирма</НаименованиеСокращенное>
					<НаименованиеПолное>Наша фирма</НаименованиеПолное>
					<ЮридическоеФизическоеЛицо>ЮридическоеЛицо</ЮридическоеФизическоеЛицо>
				</Организация>
				<Контрагент>
					<Ссылка>c98d8e2b-53bf-11ea-ae6f-e14077fbad9e</Ссылка>
					<Наименование>Нашли на полу ООО</Наименование>
					<НаименованиеПолное>ООО "Нашли на полу"</НаименованиеПолное>
					<ЮридическоеФизическоеЛицо>ЮридическоеЛицо</ЮридическоеФизическоеЛицо>
					<СтранаРегистрации>
						<Ссылка>e023c8e3-09dd-11ea-80f4-b06ebfbbdc30</Ссылка>
						<Код>643</Код>
						<Наименование>РОССИЯ</Наименование>
					</СтранаРегистрации>
				</Контрагент>
				<ВалютаВзаиморасчетов>
					<Ссылка>ee1d18f2-09dd-11ea-80f4-b06ebfbbdc30</Ссылка>
					<Код>643</Код>
					<Наименование>руб.</Наименование>
				</ВалютаВзаиморасчетов>
				<РасчетыВУсловныхЕдиницах>false</РасчетыВУсловныхЕдиницах>
				<Наименование>Основной договор</Наименование>
			</ОсновнойДоговор>
		</Справочник.Контрагенты>
		<УдалениеОбъекта>
			<СсылкаНаОбъект>
				<СсылкаНаОбъект>
					<КонтрагентыГруппаСсылка>c98d8e2b-53bf-11ea-ae6f-e14077fbad9e</КонтрагентыГруппаСсылка>
				</СсылкаНаОбъект>
			</СсылкаНаОбъект>
		</УдалениеОбъекта>
		<Справочник.Контрагенты>
			<КлючевыеСвойства>
				<Ссылка>c98d8e2e-53bf-11ea-ae6f-e14077fbad9e</Ссылка>
				<Наименование>Ромашка ОАО</Наименование>
				<НаименованиеПолное>ОАО "Ромашка"</НаименованиеПолное>
				<ЮридическоеФизическоеЛицо>ЮридическоеЛицо</ЮридическоеФизическоеЛицо>
				<СтранаРегистрации>
					<Ссылка>e023c8e3-09dd-11ea-80f4-b06ebfbbdc30</Ссылка>
					<Код>643</Код>
					<Наименование>РОССИЯ</Наименование>
				</СтранаРегистрации>
			</КлючевыеСвойства>
			<ОбособленноеПодразделение>false</ОбособленноеПодразделение>
			<ОсновнойДоговор>
				<Ссылка>c98d8e2d-53bf-11ea-ae6f-e14077fbad9e</Ссылка>
				<ВидДоговора>СПокупателем</ВидДоговора>
				<Организация>
					<Ссылка>d9a24e6a-09dd-11ea-80f4-b06ebfbbdc30</Ссылка>
					<Наименование>Наша фирма</Наименование>
					<НаименованиеСокращенное>Наша фирма</НаименованиеСокращенное>
					<НаименованиеПолное>Наша фирма</НаименованиеПолное>
					<ЮридическоеФизическоеЛицо>ЮридическоеЛицо</ЮридическоеФизическоеЛицо>
				</Организация>
				<Контрагент>
					<Ссылка>c98d8e2e-53bf-11ea-ae6f-e14077fbad9e</Ссылка>
					<Наименование>Ромашка ОАО</Наименование>
					<НаименованиеПолное>ОАО "Ромашка"</НаименованиеПолное>
					<ЮридическоеФизическоеЛицо>ЮридическоеЛицо</ЮридическоеФизическоеЛицо>
					<СтранаРегистрации>
						<Ссылка>e023c8e3-09dd-11ea-80f4-b06ebfbbdc30</Ссылка>
						<Код>643</Код>
						<Наименование>РОССИЯ</Наименование>
					</СтранаРегистрации>
				</Контрагент>
				<ВалютаВзаиморасчетов>
					<Ссылка>ee1d18f2-09dd-11ea-80f4-b06ebfbbdc30</Ссылка>
					<Код>643</Код>
					<Наименование>руб.</Наименование>
				</ВалютаВзаиморасчетов>
				<РасчетыВУсловныхЕдиницах>false</РасчетыВУсловныхЕдиницах>
				<Наименование>Основной договор</Наименование>
			</ОсновнойДоговор>
		</Справочник.Контрагенты>
		<УдалениеОбъекта>
			<СсылкаНаОбъект>
				<СсылкаНаОбъект>
					<КонтрагентыГруппаСсылка>c98d8e2e-53bf-11ea-ae6f-e14077fbad9e</КонтрагентыГруппаСсылка>
				</СсылкаНаОбъект>
			</СсылкаНаОбъект>
		</УдалениеОбъекта>
		<Справочник.Организации>
			<КлючевыеСвойства>
				<Ссылка>d9a24e6a-09dd-11ea-80f4-b06ebfbbdc30</Ссылка>
				<Наименование>Наша фирма</Наименование>
				<НаименованиеСокращенное>Наша фирма</НаименованиеСокращенное>
				<НаименованиеПолное>Наша фирма</НаименованиеПолное>
				<ЮридическоеФизическоеЛицо>ЮридическоеЛицо</ЮридическоеФизическоеЛицо>
			</КлючевыеСвойства>
			<Префикс>НФ</Префикс>
			<ЯвляетсяНерезидентом>false</ЯвляетсяНерезидентом>
		</Справочник.Организации>
	</Body>
</Message>