﻿<?xml version="1.0" encoding="UTF-8"?>
<Message xmlns:msg="http://www.1c.ru/SSL/Exchange/Message" xmlns:xs="http://www.w3.org/2001/XMLSchema" xmlns:xsi="http://www.w3.org/2001/XMLSchema-instance">
	<msg:Header>
		<msg:Format>http://v8.1c.ru/edi/edi_stnd/EnterpriseData/1.6</msg:Format>
		<msg:CreationDate>2020-02-21T13:09:02</msg:CreationDate>
		<msg:Confirmation>
			<msg:ExchangePlan>СинхронизацияДанныхЧерезУниверсальныйФормат</msg:ExchangePlan>
			<msg:To>9c422c81-fca2-467a-9be1-930bcd00c001</msg:To>
			<msg:From>789de04a-6587-4688-91ec-407da6e6ba18</msg:From>
			<msg:MessageNo>4</msg:MessageNo>
			<msg:ReceivedNo>2</msg:ReceivedNo>
		</msg:Confirmation>
		<msg:AvailableVersion>1.6</msg:AvailableVersion>
		<msg:AvailableVersion>1.5</msg:AvailableVersion>
		<msg:AvailableVersion>1.4</msg:AvailableVersion>
		<msg:AvailableVersion>1.3</msg:AvailableVersion>
		<msg:AvailableVersion>1.2</msg:AvailableVersion>
		<msg:AvailableObjectTypes>
			<msg:ObjectType>
				<msg:Name>Документ.АвансовыйОтчет</msg:Name>
				<msg:Sending>*</msg:Sending>
				<msg:Receiving>*</msg:Receiving>
			</msg:ObjectType>
			<msg:ObjectType>
				<msg:Name>Документ.АктВыполненныхРабот</msg:Name>
				<msg:Sending/>
				<msg:Receiving>1.2</msg:Receiving>
			</msg:ObjectType>
			<msg:ObjectType>
				<msg:Name>Документ.АннулированиеПодарочныхСертификатов</msg:Name>
				<msg:Sending/>
				<msg:Receiving>*</msg:Receiving>
			</msg:ObjectType>
			<msg:ObjectType>
				<msg:Name>Документ.ВозвратМатериаловИзПроизводства</msg:Name>
				<msg:Sending/>
				<msg:Receiving>*</msg:Receiving>
			</msg:ObjectType>
			<msg:ObjectType>
				<msg:Name>Документ.ВозвратМатериаловИзЭксплуатации</msg:Name>
				<msg:Sending/>
				<msg:Receiving>*</msg:Receiving>
			</msg:ObjectType>
			<msg:ObjectType>
				<msg:Name>Документ.ВозвратПодарочныхСертификатов</msg:Name>
				<msg:Sending/>
				<msg:Receiving>*</msg:Receiving>
			</msg:ObjectType>
			<msg:ObjectType>
				<msg:Name>Документ.ВозвратСырьяДавальцу</msg:Name>
				<msg:Sending/>
				<msg:Receiving>*</msg:Receiving>
			</msg:ObjectType>
			<msg:ObjectType>
				<msg:Name>Документ.ВозвратСырьяОтПереработчика</msg:Name>
				<msg:Sending/>
				<msg:Receiving>*</msg:Receiving>
			</msg:ObjectType>
			<msg:ObjectType>
				<msg:Name>Документ.ВозвратТоваровОтПокупателя</msg:Name>
				<msg:Sending>*</msg:Sending>
				<msg:Receiving>*</msg:Receiving>
			</msg:ObjectType>
			<msg:ObjectType>
				<msg:Name>Документ.ВозвратТоваровПоставщику</msg:Name>
				<msg:Sending>*</msg:Sending>
				<msg:Receiving>*</msg:Receiving>
			</msg:ObjectType>
			<msg:ObjectType>
				<msg:Name>Документ.ВыпускПродукции</msg:Name>
				<msg:Sending/>
				<msg:Receiving>*</msg:Receiving>
			</msg:ObjectType>
			<msg:ObjectType>
				<msg:Name>Документ.ЗаказКлиента</msg:Name>
				<msg:Sending>*</msg:Sending>
				<msg:Receiving>*</msg:Receiving>
			</msg:ObjectType>
			<msg:ObjectType>
				<msg:Name>Документ.ЗаказПоставщику</msg:Name>
				<msg:Sending>1.3,1.4,1.5,1.6</msg:Sending>
				<msg:Receiving>1.3,1.4,1.5,1.6</msg:Receiving>
			</msg:ObjectType>
			<msg:ObjectType>
				<msg:Name>Документ.ИнвентаризацияТоваров</msg:Name>
				<msg:Sending>1.3,1.4,1.5,1.6</msg:Sending>
				<msg:Receiving>1.3,1.4,1.5,1.6</msg:Receiving>
			</msg:ObjectType>
			<msg:ObjectType>
				<msg:Name>Документ.КорректировкаДолга</msg:Name>
				<msg:Sending/>
				<msg:Receiving>*</msg:Receiving>
			</msg:ObjectType>
			<msg:ObjectType>
				<msg:Name>Документ.КорректировкаПоступленияТоваров</msg:Name>
				<msg:Sending/>
				<msg:Receiving>*</msg:Receiving>
			</msg:ObjectType>
			<msg:ObjectType>
				<msg:Name>Документ.КорректировкаРеализацииТоваров</msg:Name>
				<msg:Sending/>
				<msg:Receiving>*</msg:Receiving>
			</msg:ObjectType>
			<msg:ObjectType>
				<msg:Name>Документ.НачислениеКредитовДепозитов</msg:Name>
				<msg:Sending/>
				<msg:Receiving>1.3,1.4,1.5,1.6</msg:Receiving>
			</msg:ObjectType>
			<msg:ObjectType>
				<msg:Name>Документ.ОперацияПоПлатежнойКарте</msg:Name>
				<msg:Sending/>
				<msg:Receiving>*</msg:Receiving>
			</msg:ObjectType>
			<msg:ObjectType>
				<msg:Name>Документ.ОприходованиеТоваров</msg:Name>
				<msg:Sending>*</msg:Sending>
				<msg:Receiving>*</msg:Receiving>
			</msg:ObjectType>
			<msg:ObjectType>
				<msg:Name>Документ.ОстаткиБезналичныхДенежныхСредств</msg:Name>
				<msg:Sending>*</msg:Sending>
				<msg:Receiving/>
			</msg:ObjectType>
			<msg:ObjectType>
				<msg:Name>Документ.ОстаткиЗадолженностиПодотчетныхЛиц</msg:Name>
				<msg:Sending>*</msg:Sending>
				<msg:Receiving/>
			</msg:ObjectType>
			<msg:ObjectType>
				<msg:Name>Документ.ОстаткиНаличныхДенежныхСредств</msg:Name>
				<msg:Sending>*</msg:Sending>
				<msg:Receiving/>
			</msg:ObjectType>
			<msg:ObjectType>
				<msg:Name>Документ.ОстаткиНематериальныхАктивов</msg:Name>
				<msg:Sending>*</msg:Sending>
				<msg:Receiving/>
			</msg:ObjectType>
			<msg:ObjectType>
				<msg:Name>Документ.ОстаткиОсновныхСредств</msg:Name>
				<msg:Sending>*</msg:Sending>
				<msg:Receiving/>
			</msg:ObjectType>
			<msg:ObjectType>
				<msg:Name>Документ.ОстаткиПерерасходаПодотчетныхЛиц</msg:Name>
				<msg:Sending>*</msg:Sending>
				<msg:Receiving/>
			</msg:ObjectType>
			<msg:ObjectType>
				<msg:Name>Документ.ОстаткиРасчетовПоКредитамЗаймам</msg:Name>
				<msg:Sending>*</msg:Sending>
				<msg:Receiving/>
			</msg:ObjectType>
			<msg:ObjectType>
				<msg:Name>Документ.ОстаткиРасчетовСПокупателямиАвансы</msg:Name>
				<msg:Sending>*</msg:Sending>
				<msg:Receiving/>
			</msg:ObjectType>
			<msg:ObjectType>
				<msg:Name>Документ.ОстаткиРасчетовСПокупателямиДолги</msg:Name>
				<msg:Sending>*</msg:Sending>
				<msg:Receiving/>
			</msg:ObjectType>
			<msg:ObjectType>
				<msg:Name>Документ.ОстаткиРасчетовСПоставщикамиАвансы</msg:Name>
				<msg:Sending>*</msg:Sending>
				<msg:Receiving/>
			</msg:ObjectType>
			<msg:ObjectType>
				<msg:Name>Документ.ОстаткиРасчетовСПоставщикамиДолги</msg:Name>
				<msg:Sending>*</msg:Sending>
				<msg:Receiving/>
			</msg:ObjectType>
			<msg:ObjectType>
				<msg:Name>Документ.ОстаткиСобственныхТМЦ</msg:Name>
				<msg:Sending>*</msg:Sending>
				<msg:Receiving/>
			</msg:ObjectType>
			<msg:ObjectType>
				<msg:Name>Документ.ОстаткиТараПринятая</msg:Name>
				<msg:Sending>*</msg:Sending>
				<msg:Receiving/>
			</msg:ObjectType>
			<msg:ObjectType>
				<msg:Name>Документ.ОстаткиТоваровПереданныхНаКомиссию</msg:Name>
				<msg:Sending>*</msg:Sending>
				<msg:Receiving/>
			</msg:ObjectType>
			<msg:ObjectType>
				<msg:Name>Документ.ОстаткиТоваровПринятыхНаКомиссию</msg:Name>
				<msg:Sending>*</msg:Sending>
				<msg:Receiving/>
			</msg:ObjectType>
			<msg:ObjectType>
				<msg:Name>Документ.ОтчетБанкаПоОперациямЭквайринга</msg:Name>
				<msg:Sending/>
				<msg:Receiving>*</msg:Receiving>
			</msg:ObjectType>
			<msg:ObjectType>
				<msg:Name>Документ.ОтчетДавальцу</msg:Name>
				<msg:Sending/>
				<msg:Receiving>*</msg:Receiving>
			</msg:ObjectType>
			<msg:ObjectType>
				<msg:Name>Документ.ОтчетКомиссионера</msg:Name>
				<msg:Sending/>
				<msg:Receiving>*</msg:Receiving>
			</msg:ObjectType>
			<msg:ObjectType>
				<msg:Name>Документ.ОтчетКомитенту</msg:Name>
				<msg:Sending/>
				<msg:Receiving>*</msg:Receiving>
			</msg:ObjectType>
			<msg:ObjectType>
				<msg:Name>Документ.ОтчетОРозничныхПродажах</msg:Name>
				<msg:Sending>*</msg:Sending>
				<msg:Receiving>*</msg:Receiving>
			</msg:ObjectType>
			<msg:ObjectType>
				<msg:Name>Документ.ОтчетПереработчика</msg:Name>
				<msg:Sending/>
				<msg:Receiving>*</msg:Receiving>
			</msg:ObjectType>
			<msg:ObjectType>
				<msg:Name>Документ.ПБДСВзносНаличными</msg:Name>
				<msg:Sending>1.6</msg:Sending>
				<msg:Receiving>1.6</msg:Receiving>
			</msg:ObjectType>
			<msg:ObjectType>
				<msg:Name>Документ.ПБДСКонвертацияВалюты</msg:Name>
				<msg:Sending>*</msg:Sending>
				<msg:Receiving>*</msg:Receiving>
			</msg:ObjectType>
			<msg:ObjectType>
				<msg:Name>Документ.ПБДСПереводНаДругойСчет</msg:Name>
				<msg:Sending>1.6</msg:Sending>
				<msg:Receiving>1.6</msg:Receiving>
			</msg:ObjectType>
			<msg:ObjectType>
				<msg:Name>Документ.ПБДСПоПлатежнымКартам</msg:Name>
				<msg:Sending>*</msg:Sending>
				<msg:Receiving>*</msg:Receiving>
			</msg:ObjectType>
			<msg:ObjectType>
				<msg:Name>Документ.ПБДСПрочееПоступление</msg:Name>
				<msg:Sending>*</msg:Sending>
				<msg:Receiving>*</msg:Receiving>
			</msg:ObjectType>
			<msg:ObjectType>
				<msg:Name>Документ.ПБДСПрочиеДоходы</msg:Name>
				<msg:Sending>*</msg:Sending>
				<msg:Receiving>*</msg:Receiving>
			</msg:ObjectType>
			<msg:ObjectType>
				<msg:Name>Документ.ПБДСРасчетыСКонтрагентами</msg:Name>
				<msg:Sending>*</msg:Sending>
				<msg:Receiving>*</msg:Receiving>
			</msg:ObjectType>
			<msg:ObjectType>
				<msg:Name>Документ.ПБДСРасчетыССотрудниками</msg:Name>
				<msg:Sending>*</msg:Sending>
				<msg:Receiving>*</msg:Receiving>
			</msg:ObjectType>
			<msg:ObjectType>
				<msg:Name>Документ.ПередачаДавальцу</msg:Name>
				<msg:Sending/>
				<msg:Receiving>*</msg:Receiving>
			</msg:ObjectType>
			<msg:ObjectType>
				<msg:Name>Документ.ПередачаМатериаловВПроизводство</msg:Name>
				<msg:Sending/>
				<msg:Receiving>*</msg:Receiving>
			</msg:ObjectType>
			<msg:ObjectType>
				<msg:Name>Документ.ПередачаМатериаловВЭксплуатацию</msg:Name>
				<msg:Sending/>
				<msg:Receiving>*</msg:Receiving>
			</msg:ObjectType>
			<msg:ObjectType>
				<msg:Name>Документ.ПередачаПереработчику</msg:Name>
				<msg:Sending/>
				<msg:Receiving>*</msg:Receiving>
			</msg:ObjectType>
			<msg:ObjectType>
				<msg:Name>Документ.ПеремещениеТоваров</msg:Name>
				<msg:Sending>*</msg:Sending>
				<msg:Receiving>*</msg:Receiving>
			</msg:ObjectType>
			<msg:ObjectType>
				<msg:Name>Документ.ПереоценкаТоваровВРознице</msg:Name>
				<msg:Sending/>
				<msg:Receiving>1.3,1.4,1.5,1.6</msg:Receiving>
			</msg:ObjectType>
			<msg:ObjectType>
				<msg:Name>Документ.ПКОВнутренняяПередача</msg:Name>
				<msg:Sending/>
				<msg:Receiving>*</msg:Receiving>
			</msg:ObjectType>
			<msg:ObjectType>
				<msg:Name>Документ.ПКОКонвертацияВалюты</msg:Name>
				<msg:Sending>*</msg:Sending>
				<msg:Receiving>*</msg:Receiving>
			</msg:ObjectType>
			<msg:ObjectType>
				<msg:Name>Документ.ПКОПолучениеНаличныхВБанке</msg:Name>
				<msg:Sending>*</msg:Sending>
				<msg:Receiving>*</msg:Receiving>
			</msg:ObjectType>
			<msg:ObjectType>
				<msg:Name>Документ.ПКОПрочееПоступление</msg:Name>
				<msg:Sending>*</msg:Sending>
				<msg:Receiving>*</msg:Receiving>
			</msg:ObjectType>
			<msg:ObjectType>
				<msg:Name>Документ.ПКОПрочиеДоходы</msg:Name>
				<msg:Sending>*</msg:Sending>
				<msg:Receiving>*</msg:Receiving>
			</msg:ObjectType>
			<msg:ObjectType>
				<msg:Name>Документ.ПКОРасчетыСКонтрагентами</msg:Name>
				<msg:Sending>*</msg:Sending>
				<msg:Receiving>*</msg:Receiving>
			</msg:ObjectType>
			<msg:ObjectType>
				<msg:Name>Документ.ПКОРасчетыССотрудниками</msg:Name>
				<msg:Sending>*</msg:Sending>
				<msg:Receiving>*</msg:Receiving>
			</msg:ObjectType>
			<msg:ObjectType>
				<msg:Name>Документ.ПКОРозничнаяВыручка</msg:Name>
				<msg:Sending>*</msg:Sending>
				<msg:Receiving>*</msg:Receiving>
			</msg:ObjectType>
			<msg:ObjectType>
				<msg:Name>Документ.ПлатежноеПоручение</msg:Name>
				<msg:Sending>1.3,1.4,1.5,1.6</msg:Sending>
				<msg:Receiving>1.3,1.4,1.5,1.6</msg:Receiving>
			</msg:ObjectType>
			<msg:ObjectType>
				<msg:Name>Документ.ПоступлениеОтПереработчика</msg:Name>
				<msg:Sending/>
				<msg:Receiving>*</msg:Receiving>
			</msg:ObjectType>
			<msg:ObjectType>
				<msg:Name>Документ.ПоступлениеСырьяОтДавальца</msg:Name>
				<msg:Sending/>
				<msg:Receiving>*</msg:Receiving>
			</msg:ObjectType>
			<msg:ObjectType>
				<msg:Name>Документ.ПоступлениеТоваровУслуг</msg:Name>
				<msg:Sending>*</msg:Sending>
				<msg:Receiving>*</msg:Receiving>
			</msg:ObjectType>
			<msg:ObjectType>
				<msg:Name>Документ.РеализацияПодарочныхСертификатов</msg:Name>
				<msg:Sending/>
				<msg:Receiving>1.2</msg:Receiving>
			</msg:ObjectType>
			<msg:ObjectType>
				<msg:Name>Документ.РеализацияТоваровУслуг</msg:Name>
				<msg:Sending>*</msg:Sending>
				<msg:Receiving>*</msg:Receiving>
			</msg:ObjectType>
			<msg:ObjectType>
				<msg:Name>Документ.РКОВнутренняяПередача</msg:Name>
				<msg:Sending/>
				<msg:Receiving>*</msg:Receiving>
			</msg:ObjectType>
			<msg:ObjectType>
				<msg:Name>Документ.РКОВыплатаЗарплаты</msg:Name>
				<msg:Sending>*</msg:Sending>
				<msg:Receiving>*</msg:Receiving>
			</msg:ObjectType>
			<msg:ObjectType>
				<msg:Name>Документ.РКОКонвертацияВалюты</msg:Name>
				<msg:Sending>*</msg:Sending>
				<msg:Receiving>*</msg:Receiving>
			</msg:ObjectType>
			<msg:ObjectType>
				<msg:Name>Документ.РКОНаБанковскийСчет</msg:Name>
				<msg:Sending>*</msg:Sending>
				<msg:Receiving>*</msg:Receiving>
			</msg:ObjectType>
			<msg:ObjectType>
				<msg:Name>Документ.РКОПрочаяВыдача</msg:Name>
				<msg:Sending>*</msg:Sending>
				<msg:Receiving>*</msg:Receiving>
			</msg:ObjectType>
			<msg:ObjectType>
				<msg:Name>Документ.РКОПрочийРасход</msg:Name>
				<msg:Sending>*</msg:Sending>
				<msg:Receiving>*</msg:Receiving>
			</msg:ObjectType>
			<msg:ObjectType>
				<msg:Name>Документ.РКОРасчетыСКонтрагентами</msg:Name>
				<msg:Sending>*</msg:Sending>
				<msg:Receiving>*</msg:Receiving>
			</msg:ObjectType>
			<msg:ObjectType>
				<msg:Name>Документ.РКОРасчетыССотрудниками</msg:Name>
				<msg:Sending>*</msg:Sending>
				<msg:Receiving>*</msg:Receiving>
			</msg:ObjectType>
			<msg:ObjectType>
				<msg:Name>Документ.СБДСКонвертацияВалюты</msg:Name>
				<msg:Sending/>
				<msg:Receiving>*</msg:Receiving>
			</msg:ObjectType>
			<msg:ObjectType>
				<msg:Name>Документ.СБДСПереводНаДругойСчет</msg:Name>
				<msg:Sending>*</msg:Sending>
				<msg:Receiving>*</msg:Receiving>
			</msg:ObjectType>
			<msg:ObjectType>
				<msg:Name>Документ.СБДСПеречислениеЗаработнойПлаты</msg:Name>
				<msg:Sending>*</msg:Sending>
				<msg:Receiving>*</msg:Receiving>
			</msg:ObjectType>
			<msg:ObjectType>
				<msg:Name>Документ.СБДСПеречислениеЗаработнойПлатыНаЛицевыеСчета</msg:Name>
				<msg:Sending>*</msg:Sending>
				<msg:Receiving>*</msg:Receiving>
			</msg:ObjectType>
			<msg:ObjectType>
				<msg:Name>Документ.СБДСПлатежиВБюджет</msg:Name>
				<msg:Sending>*</msg:Sending>
				<msg:Receiving>*</msg:Receiving>
			</msg:ObjectType>
			<msg:ObjectType>
				<msg:Name>Документ.СБДСПрочееСписание</msg:Name>
				<msg:Sending>*</msg:Sending>
				<msg:Receiving>*</msg:Receiving>
			</msg:ObjectType>
			<msg:ObjectType>
				<msg:Name>Документ.СБДСПрочиеРасходы</msg:Name>
				<msg:Sending>*</msg:Sending>
				<msg:Receiving>*</msg:Receiving>
			</msg:ObjectType>
			<msg:ObjectType>
				<msg:Name>Документ.СБДСРасчетыСКонтрагентами</msg:Name>
				<msg:Sending>*</msg:Sending>
				<msg:Receiving>*</msg:Receiving>
			</msg:ObjectType>
			<msg:ObjectType>
				<msg:Name>Документ.СБДСРасчетыССотрудниками</msg:Name>
				<msg:Sending>*</msg:Sending>
				<msg:Receiving>*</msg:Receiving>
			</msg:ObjectType>
			<msg:ObjectType>
				<msg:Name>Документ.СБДССнятиеНаличных</msg:Name>
				<msg:Sending>1.6</msg:Sending>
				<msg:Receiving>1.6</msg:Receiving>
			</msg:ObjectType>
			<msg:ObjectType>
				<msg:Name>Документ.СборкаТоваров</msg:Name>
				<msg:Sending/>
				<msg:Receiving>*</msg:Receiving>
			</msg:ObjectType>
			<msg:ObjectType>
				<msg:Name>Документ.СписаниеЗапасов</msg:Name>
				<msg:Sending>1.3,1.4,1.5,1.6</msg:Sending>
				<msg:Receiving>1.3,1.4,1.5,1.6</msg:Receiving>
			</msg:ObjectType>
			<msg:ObjectType>
				<msg:Name>Документ.СписаниеМатериаловИзЭксплуатации</msg:Name>
				<msg:Sending/>
				<msg:Receiving>1.3,1.4,1.5,1.6</msg:Receiving>
			</msg:ObjectType>
			<msg:ObjectType>
				<msg:Name>Документ.СписаниеНедостач</msg:Name>
				<msg:Sending>1.3,1.4,1.5,1.6</msg:Sending>
				<msg:Receiving>1.3,1.4,1.5,1.6</msg:Receiving>
			</msg:ObjectType>
			<msg:ObjectType>
				<msg:Name>Документ.СписаниеТоваров</msg:Name>
				<msg:Sending>1.2</msg:Sending>
				<msg:Receiving>1.2</msg:Receiving>
			</msg:ObjectType>
			<msg:ObjectType>
				<msg:Name>Документ.СчетПоставщика</msg:Name>
				<msg:Sending/>
				<msg:Receiving>1.3,1.4,1.5,1.6</msg:Receiving>
			</msg:ObjectType>
			<msg:ObjectType>
				<msg:Name>Документ.СчетФактураВыданный</msg:Name>
				<msg:Sending/>
				<msg:Receiving>*</msg:Receiving>
			</msg:ObjectType>
			<msg:ObjectType>
				<msg:Name>Документ.СчетФактураПолученный</msg:Name>
				<msg:Sending/>
				<msg:Receiving>*</msg:Receiving>
			</msg:ObjectType>
			<msg:ObjectType>
				<msg:Name>Документ.ТаможеннаяДекларация</msg:Name>
				<msg:Sending>*</msg:Sending>
				<msg:Receiving>*</msg:Receiving>
			</msg:ObjectType>
			<msg:ObjectType>
				<msg:Name>Документ.УстановкаЦенНоменклатуры</msg:Name>
				<msg:Sending>*</msg:Sending>
				<msg:Receiving>*</msg:Receiving>
			</msg:ObjectType>
			<msg:ObjectType>
				<msg:Name>Справочник.Банки</msg:Name>
				<msg:Sending>*</msg:Sending>
				<msg:Receiving>*</msg:Receiving>
			</msg:ObjectType>
			<msg:ObjectType>
				<msg:Name>Справочник.БанковскиеСчета</msg:Name>
				<msg:Sending>*</msg:Sending>
				<msg:Receiving>*</msg:Receiving>
			</msg:ObjectType>
			<msg:ObjectType>
				<msg:Name>Справочник.Валюты</msg:Name>
				<msg:Sending>*</msg:Sending>
				<msg:Receiving>*</msg:Receiving>
			</msg:ObjectType>
			<msg:ObjectType>
				<msg:Name>Справочник.ВидыДокументовФизическихЛиц</msg:Name>
				<msg:Sending>1.3,1.4,1.5,1.6</msg:Sending>
				<msg:Receiving/>
			</msg:ObjectType>
			<msg:ObjectType>
				<msg:Name>Справочник.ВидыНоменклатуры</msg:Name>
				<msg:Sending>1.6</msg:Sending>
				<msg:Receiving>1.6</msg:Receiving>
			</msg:ObjectType>
			<msg:ObjectType>
				<msg:Name>Справочник.ГруппыАналитическогоУчетаНоменклатуры</msg:Name>
				<msg:Sending>1.3,1.4,1.5,1.6</msg:Sending>
				<msg:Receiving>1.3,1.4,1.5,1.6</msg:Receiving>
			</msg:ObjectType>
			<msg:ObjectType>
				<msg:Name>Справочник.ГруппыАналитическогоУчетаНоменклатурыГруппа</msg:Name>
				<msg:Sending>1.3,1.4,1.5,1.6</msg:Sending>
				<msg:Receiving>1.3,1.4,1.5,1.6</msg:Receiving>
			</msg:ObjectType>
			<msg:ObjectType>
				<msg:Name>Справочник.Договоры</msg:Name>
				<msg:Sending>*</msg:Sending>
				<msg:Receiving>*</msg:Receiving>
			</msg:ObjectType>
			<msg:ObjectType>
				<msg:Name>Справочник.ДокументыФизическихЛиц</msg:Name>
				<msg:Sending>1.3,1.4,1.5,1.6</msg:Sending>
				<msg:Receiving>1.3,1.4,1.5,1.6</msg:Receiving>
			</msg:ObjectType>
			<msg:ObjectType>
				<msg:Name>Справочник.Должности</msg:Name>
				<msg:Sending>1.3,1.4,1.5,1.6</msg:Sending>
				<msg:Receiving>1.3,1.4,1.5,1.6</msg:Receiving>
			</msg:ObjectType>
			<msg:ObjectType>
				<msg:Name>Справочник.ДополнительныеРеквизиты</msg:Name>
				<msg:Sending>*</msg:Sending>
				<msg:Receiving/>
			</msg:ObjectType>
			<msg:ObjectType>
				<msg:Name>Справочник.ЕдиницыИзмерения</msg:Name>
				<msg:Sending>*</msg:Sending>
				<msg:Receiving>*</msg:Receiving>
			</msg:ObjectType>
			<msg:ObjectType>
				<msg:Name>Справочник.ЗначенияДополнительныхРеквизитов</msg:Name>
				<msg:Sending>*</msg:Sending>
				<msg:Receiving/>
			</msg:ObjectType>
			<msg:ObjectType>
				<msg:Name>Справочник.Контрагенты</msg:Name>
				<msg:Sending>*</msg:Sending>
				<msg:Receiving>*</msg:Receiving>
			</msg:ObjectType>
			<msg:ObjectType>
				<msg:Name>Справочник.КонтрагентыГруппа</msg:Name>
				<msg:Sending>*</msg:Sending>
				<msg:Receiving>*</msg:Receiving>
			</msg:ObjectType>
			<msg:ObjectType>
				<msg:Name>Справочник.ЛицензииПоставщиковАлкогольнойПродукции</msg:Name>
				<msg:Sending>1.3,1.4,1.5,1.6</msg:Sending>
				<msg:Receiving>1.3,1.4,1.5,1.6</msg:Receiving>
			</msg:ObjectType>
			<msg:ObjectType>
				<msg:Name>Справочник.Номенклатура</msg:Name>
				<msg:Sending>*</msg:Sending>
				<msg:Receiving>*</msg:Receiving>
			</msg:ObjectType>
			<msg:ObjectType>
				<msg:Name>Справочник.НоменклатураГруппа</msg:Name>
				<msg:Sending>*</msg:Sending>
				<msg:Receiving>*</msg:Receiving>
			</msg:ObjectType>
			<msg:ObjectType>
				<msg:Name>Справочник.Организации</msg:Name>
				<msg:Sending>*</msg:Sending>
				<msg:Receiving>*</msg:Receiving>
			</msg:ObjectType>
			<msg:ObjectType>
				<msg:Name>Справочник.Подразделения</msg:Name>
				<msg:Sending>*</msg:Sending>
				<msg:Receiving/>
			</msg:ObjectType>
			<msg:ObjectType>
				<msg:Name>Справочник.Пользователи</msg:Name>
				<msg:Sending>*</msg:Sending>
				<msg:Receiving>*</msg:Receiving>
			</msg:ObjectType>
			<msg:ObjectType>
				<msg:Name>Справочник.РегистрацииВНалоговомОргане</msg:Name>
				<msg:Sending>*</msg:Sending>
				<msg:Receiving/>
			</msg:ObjectType>
			<msg:ObjectType>
				<msg:Name>Справочник.Склады</msg:Name>
				<msg:Sending>*</msg:Sending>
				<msg:Receiving>*</msg:Receiving>
			</msg:ObjectType>
			<msg:ObjectType>
				<msg:Name>Справочник.СкладыГруппа</msg:Name>
				<msg:Sending>*</msg:Sending>
				<msg:Receiving>*</msg:Receiving>
			</msg:ObjectType>
			<msg:ObjectType>
				<msg:Name>Справочник.СостояниеОплатыЗаказа</msg:Name>
				<msg:Sending>1.6</msg:Sending>
				<msg:Receiving>1.6</msg:Receiving>
			</msg:ObjectType>
			<msg:ObjectType>
				<msg:Name>Справочник.СостояниеОтгрузкиЗаказа</msg:Name>
				<msg:Sending>1.6</msg:Sending>
				<msg:Receiving>1.6</msg:Receiving>
			</msg:ObjectType>
			<msg:ObjectType>
				<msg:Name>Справочник.СпецификацииНоменклатуры</msg:Name>
				<msg:Sending>1.3,1.4,1.5,1.6</msg:Sending>
				<msg:Receiving>1.3,1.4,1.5,1.6</msg:Receiving>
			</msg:ObjectType>
			<msg:ObjectType>
				<msg:Name>Справочник.СпецификацииНоменклатурыГруппа</msg:Name>
				<msg:Sending>1.3,1.4,1.5,1.6</msg:Sending>
				<msg:Receiving>1.3,1.4,1.5,1.6</msg:Receiving>
			</msg:ObjectType>
			<msg:ObjectType>
				<msg:Name>Справочник.СтатьиДДС</msg:Name>
				<msg:Sending>*</msg:Sending>
				<msg:Receiving>*</msg:Receiving>
			</msg:ObjectType>
			<msg:ObjectType>
				<msg:Name>Справочник.СтатьиДДСГруппа</msg:Name>
				<msg:Sending>1.3,1.4,1.5,1.6</msg:Sending>
				<msg:Receiving>1.3,1.4,1.5,1.6</msg:Receiving>
			</msg:ObjectType>
			<msg:ObjectType>
				<msg:Name>Справочник.СтатьиДоходов</msg:Name>
				<msg:Sending>*</msg:Sending>
				<msg:Receiving>*</msg:Receiving>
			</msg:ObjectType>
			<msg:ObjectType>
				<msg:Name>Справочник.СтатьиРасходов</msg:Name>
				<msg:Sending>*</msg:Sending>
				<msg:Receiving>*</msg:Receiving>
			</msg:ObjectType>
			<msg:ObjectType>
				<msg:Name>Справочник.СтраныМира</msg:Name>
				<msg:Sending>*</msg:Sending>
				<msg:Receiving>*</msg:Receiving>
			</msg:ObjectType>
			<msg:ObjectType>
				<msg:Name>Справочник.ТипыЦен</msg:Name>
				<msg:Sending>*</msg:Sending>
				<msg:Receiving>*</msg:Receiving>
			</msg:ObjectType>
			<msg:ObjectType>
				<msg:Name>Справочник.ФизическиеЛица</msg:Name>
				<msg:Sending>*</msg:Sending>
				<msg:Receiving>*</msg:Receiving>
			</msg:ObjectType>
			<msg:ObjectType>
				<msg:Name>Справочник.ФизическиеЛицаГруппа</msg:Name>
				<msg:Sending>*</msg:Sending>
				<msg:Receiving>*</msg:Receiving>
			</msg:ObjectType>
			<msg:ObjectType>
				<msg:Name>Справочник.ШтрихкодыНоменклатуры</msg:Name>
				<msg:Sending>*</msg:Sending>
				<msg:Receiving>1.3,1.4,1.5,1.6</msg:Receiving>
			</msg:ObjectType>
		</msg:AvailableObjectTypes>
		<msg:Prefix>БП</msg:Prefix>
	</msg:Header>
	<Body xmlns="http://v8.1c.ru/edi/edi_stnd/EnterpriseData/1.6">
		<Справочник.Организации>
			<КлючевыеСвойства>
				<Ссылка>d9a24e6a-09dd-11ea-80f4-b06ebfbbdc30</Ссылка>
				<Наименование>Наша фирма</Наименование>
				<НаименованиеСокращенное>Наша фирма</НаименованиеСокращенное>
				<НаименованиеПолное>Наша фирма</НаименованиеПолное>
				<ГоловнаяОрганизация>
					<Ссылка>d9a24e6a-09dd-11ea-80f4-b06ebfbbdc30</Ссылка>
					<Наименование>Наша фирма</Наименование>
					<НаименованиеСокращенное>Наша фирма</НаименованиеСокращенное>
					<НаименованиеПолное>Наша фирма</НаименованиеПолное>
					<ЮридическоеФизическоеЛицо>ЮридическоеЛицо</ЮридическоеФизическоеЛицо>
				</ГоловнаяОрганизация>
				<ЮридическоеФизическоеЛицо>ЮридическоеЛицо</ЮридическоеФизическоеЛицо>
			</КлючевыеСвойства>
			<Префикс>НФ</Префикс>
		</Справочник.Организации>
	</Body>
</Message>